entry_threshold,exit_threshold,exit_prob_drop,min_hold_bars,max_hold_seconds,stop_loss_pct,take_profit_pct,profit_trailing_start_pct,profit_trailing_stop_pct,max_spread_bps,disable_prob_exits,entry_rsi_min,entry_macd_min,trades,wins,pnl,pnl_perc,sharpe,max_drawdown,profit_factor,median_trade,avg_trade,fraction_time_in_position,skipped_spread,skipped_sizing,skipped_other,exit_reasons,coverage
0.64,0.64,0.15,1,5400,0.005,,,,8,True,50.0,0.0,371,153,-11.110046720143561,-0.44440186880574245,-3.2110093705285365,11.952713022248954,0.5827145697581927,-0.020112104823942236,-0.02994621757451093,0.5226633440939382,79,0,5307,"{""time_limit"": 284, ""stop_loss"": 87}",0.3679182949160862
0.64,0.64,0.15,1,5400,0.005,,,0.0015,8,True,50.0,0.0,371,153,-11.110046720143561,-0.44440186880574245,-3.2110093705285365,11.952713022248954,0.5827145697581927,-0.020112104823942236,-0.02994621757451093,0.5226633440939382,79,0,5307,"{""time_limit"": 284, ""stop_loss"": 87}",0.3679182949160862
0.64,0.64,0.15,1,5400,0.005,,,0.0025,8,True,50.0,0.0,371,153,-11.110046720143561,-0.44440186880574245,-3.2110093705285365,11.952713022248954,0.5827145697581927,-0.020112104823942236,-0.02994621757451093,0.5226633440939382,79,0,5307,"{""time_limit"": 284, ""stop_loss"": 87}",0.3679182949160862
0.64,0.64,0.15,1,5400,0.005,,0.003,,8,True,50.0,0.0,371,153,-11.110046720143561,-0.44440186880574245,-3.2110093705285365,11.952713022248954,0.5827145697581927,-0.020112104823942236,-0.02994621757451093,0.5226633440939382,79,0,5307,"{""time_limit"": 284, ""stop_loss"": 87}",0.3679182949160862
0.64,0.64,0.15,1,5400,0.005,,0.003,0.0015,8,True,50.0,0.0,418,205,-11.50890769276053,-0.46035630771042124,-3.8654940280620806,12.26714928870103,0.5381124546252944,-0.003181653137571157,-0.02753327199225007,0.48332106246814294,101,0,5678,"{""profit_trailing"": 141, ""time_limit"": 195, ""stop_loss"": 82}",0.3679182949160862
0.64,0.64,0.15,1,5400,0.005,,0.003,0.0025,8,True,50.0,0.0,395,170,-11.589173032561495,-0.4635669213024598,-3.5846584848229748,12.434851566824939,0.5422987508198036,-0.011642033752341796,-0.029339678563446797,0.48904117347227727,87,0,5747,"{""profit_trailing"": 101, ""time_limit"": 213, ""stop_loss"": 81}",0.3679182949160862
0.64,0.64,0.15,1,5400,0.005,,0.005,,8,True,50.0,0.0,371,153,-11.110046720143561,-0.44440186880574245,-3.2110093705285365,11.952713022248954,0.5827145697581927,-0.020112104823942236,-0.02994621757451093,0.5226633440939382,79,0,5307,"{""time_limit"": 284, ""stop_loss"": 87}",0.3679182949160862
0.64,0.64,0.15,1,5400,0.005,,0.005,0.0015,8,True,50.0,0.0,382,164,-11.656794063057607,-0.4662717625223043,-3.6091202774670648,12.613509370840804,0.5612069716456843,-0.015682052805139186,-0.030515167704339277,0.4998772913480961,84,0,5484,"{""time_limit"": 230, ""profit_trailing"": 65, ""stop_loss"": 87}",0.3679182949160862
0.64,0.64,0.15,1,5400,0.005,,0.005,0.0025,8,True,50.0,0.0,376,162,-11.905736828383422,-0.47622947313533687,-3.6219067434584735,12.804755890077955,0.5469956986269533,-0.016373348314220236,-0.03166419369250909,0.5026523947065376,83,0,5483,"{""time_limit"": 240, ""profit_trailing"": 50, ""stop_loss"": 86}",0.3679182949160862
0.64,0.64,0.15,1,5400,0.008,,,,8,True,50.0,0.0,359,156,-11.568240605657316,-0.4627296242262926,-3.1945159229745532,12.297222016285422,0.5755593277788809,-0.013592642441498028,-0.032223511436371345,0.5489418738555059,75,0,4615,"{""time_limit"": 313, ""stop_loss"": 46}",0.3679182949160862
0.64,0.64,0.15,1,5400,0.008,,,0.0015,8,True,50.0,0.0,359,156,-11.568240605657316,-0.4627296242262926,-3.1945159229745532,12.297222016285422,0.5755593277788809,-0.013592642441498028,-0.032223511436371345,0.5489418738555059,75,0,4615,"{""time_limit"": 313, ""stop_loss"": 46}",0.3679182949160862
0.64,0.64,0.15,1,5400,0.008,,,0.0025,8,True,50.0,0.0,359,156,-11.568240605657316,-0.4627296242262926,-3.1945159229745532,12.297222016285422,0.5755593277788809,-0.013592642441498028,-0.032223511436371345,0.5489418738555059,75,0,4615,"{""time_limit"": 313, ""stop_loss"": 46}",0.3679182949160862
0.64,0.64,0.15,1,5400,0.008,,0.003,,8,True,50.0,0.0,359,156,-11.568240605657316,-0.4627296242262926,-3.1945159229745532,12.297222016285422,0.5755593277788809,-0.013592642441498028,-0.032223511436371345,0.5489418738555059,75,0,4615,"{""time_limit"": 313, ""stop_loss"": 46}",0.3679182949160862
0.64,0.64,0.15,1,5400,0.008,,0.003,0.0015,8,True,50.0,0.0,404,205,-11.06892442230823,-0.4427569768923292,-3.5066151202789935,11.703054490992082,0.5561569465615798,0.0016044358527316314,-0.027398327777990665,0.5082026014234203,102,0,5037,"{""profit_trailing"": 138, ""time_limit"": 226, ""stop_loss"": 40}",0.3679182949160862
0.64,0.64,0.15,1,5400,0.008,,0.003,0.0025,8,True,50.0,0.0,383,171,-11.081068943274033,-0.44324275773096133,-3.2779282246627197,11.776686782036975,0.561661252708057,-0.007820050894652012,-0.028932294891054925,0.5153763379962621,89,0,5004,"{""profit_trailing"": 99, ""time_limit"": 245, ""stop_loss"": 39}",0.3679182949160862
0.64,0.64,0.15,1,5400,0.008,,0.005,,8,True,50.0,0.0,359,156,-11.568240605657316,-0.4627296242262926,-3.1945159229745532,12.297222016285422,0.5755593277788809,-0.013592642441498028,-0.032223511436371345,0.5489418738555059,75,0,4615,"{""time_limit"": 313, ""stop_loss"": 46}",0.3679182949160862
0.64,0.64,0.15,1,5400,0.008,,0.005,0.0015,8,True,50.0,0.0,369,167,-11.487464665851004,-0.45949858663404014,-3.39504119277879,12.170525318865256,0.5672637904087616,-0.008847318960315778,-0.0311313405578618,0.5275905684242321,84,0,4753,"{""time_limit"": 261, ""profit_trailing"": 64, ""stop_loss"": 44}",0.3679182949160862
0.64,0.64,0.15,1,5400,0.008,,0.005,0.0025,8,True,50.0,0.0,363,165,-11.633882525279617,-0.46535530101118466,-3.377691289653363,12.362481293459886,0.5576992989014327,-0.008847318960315778,-0.032049263155040274,0.5303279152743954,83,0,4751,"{""time_limit"": 271, ""profit_trailing"": 48, ""stop_loss"": 44}",0.3679182949160862
0.64,0.64,0.15,1,5400,0.012,,,,8,True,50.0,0.0,355,152,-11.537500888446537,-0.4615000355378615,-3.221536206782995,12.241836573837508,0.5598021506313349,-0.015268825838862677,-0.03250000250266629,0.5627985123935738,72,0,4375,"{""time_limit"": 335, ""stop_loss"": 20}",0.3679182949160862
0.64,0.64,0.15,1,5400,0.012,,,0.0015,8,True,50.0,0.0,355,152,-11.537500888446537,-0.4615000355378615,-3.221536206782995,12.241836573837508,0.5598021506313349,-0.015268825838862677,-0.03250000250266629,0.5627985123935738,72,0,4375,"{""time_limit"": 335, ""stop_loss"": 20}",0.3679182949160862
0.64,0.64,0.15,1,5400,0.012,,,0.0025,8,True,50.0,0.0,355,152,-11.537500888446537,-0.4615000355378615,-3.221536206782995,12.241836573837508,0.5598021506313349,-0.015268825838862677,-0.03250000250266629,0.5627985123935738,72,0,4375,"{""time_limit"": 335, ""stop_loss"": 20}",0.3679182949160862
0.64,0.64,0.15,1,5400,0.012,,0.003,,8,True,50.0,0.0,355,152,-11.537500888446537,-0.4615000355378615,-3.221536206782995,12.241836573837508,0.5598021506313349,-0.015268825838862677,-0.03250000250266629,0.5627985123935738,72,0,4375,"{""time_limit"": 335, ""stop_loss"": 20}",0.3679182949160862
0.64,0.64,0.15,1,5400,0.012,,0.003,0.0015,8,True,50.0,0.0,404,205,-11.533161057346465,-0.4613264422938586,-3.507371366702837,12.143264908205039,0.5454461081957408,0.0016044358527316314,-0.028547428359768468,0.5223046572652961,104,0,4683,"{""profit_trailing"": 138, ""time_limit"": 248, ""stop_loss"": 18}",0.3679182949160862
0.64,0.64,0.15,1,5400,0.012,,0.003,0.0025,8,True,50.0,0.0,383,169,-11.647968409599594,-0.46591873638398373,-3.3254905990752075,12.343586248362536,0.5476955457184977,-0.008807275528386284,-0.030412450155612513,0.5292707330426082,91,0,4642,"{""profit_trailing"": 100, ""time_limit"": 267, ""stop_loss"": 16}",0.3679182949160862
0.64,0.64,0.15,1,5400,0.012,,0.005,,8,True,50.0,0.0,355,152,-11.537500888446537,-0.4615000355378615,-3.221536206782995,12.241836573837508,0.5598021506313349,-0.015268825838862677,-0.03250000250266629,0.5627985123935738,72,0,4375,"{""time_limit"": 335, ""stop_loss"": 20}",0.3679182949160862
0.64,0.64,0.15,1,5400,0.012,,0.005,0.0015,8,True,50.0,0.0,366,163,-11.568363494444469,-0.4627345397777788,-3.4653974940532146,12.207351624023866,0.5484646586755831,-0.011836305743654041,-0.03160755053126904,0.5396160163108116,84,0,4545,"{""time_limit"": 286, ""profit_trailing"": 62, ""stop_loss"": 18}",0.3679182949160862
0.64,0.64,0.15,1,5400,0.012,,0.005,0.0025,8,True,50.0,0.0,360,161,-11.67605987928303,-0.46704239517132123,-3.4352554463216656,12.376984747799787,0.5393622822767323,-0.011836305743654041,-0.03243349966467508,0.5421079458571672,83,0,4551,"{""time_limit"": 294, ""profit_trailing"": 48, ""stop_loss"": 18}",0.3679182949160862
0.64,0.64,0.15,1,10800,0.005,,,,8,True,50.0,0.0,255,107,-7.9727550855704505,-0.318910203422818,-2.2915304577791784,8.978765360353204,0.6635419469122656,-0.03907336797827264,-0.031265706217923316,0.6306847142776236,65,0,3987,"{""time_limit"": 166, ""stop_loss"": 89}",0.3679182949160862
0.64,0.64,0.15,1,10800,0.005,,,0.0015,8,True,50.0,0.0,255,107,-7.9727550855704505,-0.318910203422818,-2.2915304577791784,8.978765360353204,0.6635419469122656,-0.03907336797827264,-0.031265706217923316,0.6306847142776236,65,0,3987,"{""time_limit"": 166, ""stop_loss"": 89}",0.3679182949160862
0.64,0.64,0.15,1,10800,0.005,,,0.0025,8,True,50.0,0.0,255,107,-7.9727550855704505,-0.318910203422818,-2.2915304577791784,8.978765360353204,0.6635419469122656,-0.03907336797827264,-0.031265706217923316,0.6306847142776236,65,0,3987,"{""time_limit"": 166, ""stop_loss"": 89}",0.3679182949160862
0.64,0.64,0.15,1,10800,0.005,,0.003,,8,True,50.0,0.0,255,107,-7.9727550855704505,-0.318910203422818,-2.2915304577791784,8.978765360353204,0.6635419469122656,-0.03907336797827264,-0.031265706217923316,0.6306847142776236,65,0,3987,"{""time_limit"": 166, ""stop_loss"": 89}",0.3679182949160862
0.64,0.64,0.15,1,10800,0.005,,0.003,0.0015,8,True,50.0,0.0,345,189,-10.81431465602894,-0.4325725862411576,-3.589289068542768,11.83321908206079,0.5451357936879059,0.008779647619193337,-0.03134583958269258,0.5274017858828416,101,0,4957,"{""profit_trailing"": 164, ""time_limit"": 87, ""stop_loss"": 94}",0.3679182949160862
0.64,0.64,0.15,1,10800,0.005,,0.003,0.0025,8,True,50.0,0.0,316,145,-11.603714599209788,-0.4641485839683915,-3.6621146651455927,12.66826741832858,0.5140708007332782,-0.005914088018855985,-0.03672061582028412,0.535821487228861,87,0,5207,"{""profit_trailing"": 135, ""time_limit"": 89, ""stop_loss"": 92}",0.3679182949160862
0.64,0.64,0.15,1,10800,0.005,,0.005,,8,True,50.0,0.0,255,107,-7.9727550855704505,-0.318910203422818,-2.2915304577791784,8.978765360353204,0.6635419469122656,-0.03907336797827264,-0.031265706217923316,0.6306847142776236,65,0,3987,"{""time_limit"": 166, ""stop_loss"": 89}",0.3679182949160862
0.64,0.64,0.15,1,10800,0.005,,0.005,0.0015,8,True,50.0,0.0,297,137,-11.81784552534286,-0.47271382101371434,-3.5926055386190163,12.858839624765332,0.5493724587692796,-0.015742391379041328,-0.039790725674555064,0.5607219044382775,82,0,4567,"{""time_limit"": 106, ""profit_trailing"": 89, ""stop_loss"": 102}",0.3679182949160862
0.64,0.64,0.15,1,10800,0.005,,0.005,0.0025,8,True,50.0,0.0,283,131,-10.621126583138677,-0.4248450633255471,-3.1665896528114397,11.647636991680443,0.5741815680869303,-0.012299209769969989,-0.0375304826259317,0.5660078155972136,81,0,4711,"{""time_limit"": 108, ""profit_trailing"": 77, ""stop_loss"": 98}",0.3679182949160862
0.64,0.64,0.15,1,10800,0.008,,,,8,True,50.0,0.0,236,107,-8.85286337038464,-0.3541145348153856,-2.3913726523174854,9.858873645167392,0.6356871219145444,-0.014450951470938833,-0.037512132925358654,0.6495629684166808,63,0,3475,"{""time_limit"": 188, ""stop_loss"": 48}",0.3679182949160862
0.64,0.64,0.15,1,10800,0.008,,,0.0015,8,True,50.0,0.0,236,107,-8.85286337038464,-0.3541145348153856,-2.3913726523174854,9.858873645167392,0.6356871219145444,-0.014450951470938833,-0.037512132925358654,0.6495629684166808,63,0,3475,"{""time_limit"": 188, ""stop_loss"": 48}",0.3679182949160862
0.64,0.64,0.15,1,10800,0.008,,,0.0025,8,True,50.0,0.0,236,107,-8.85286337038464,-0.3541145348153856,-2.3913726523174854,9.858873645167392,0.6356871219145444,-0.014450951470938833,-0.037512132925358654,0.6495629684166808,63,0,3475,"{""time_limit"": 188, ""stop_loss"": 48}",0.3679182949160862
0.64,0.64,0.15,1,10800,0.008,,0.003,,8,True,50.0,0.0,236,107,-8.85286337038464,-0.3541145348153856,-2.3913726523174854,9.858873645167392,0.6356871219145444,-0.014450951470938833,-0.037512132925358654,0.6495629684166808,63,0,3475,"{""time_limit"": 188, ""stop_loss"": 48}",0.3679182949160862
0.64,0.64,0.15,1,10800,0.008,,0.003,0.0015,8,True,50.0,0.0,314,183,-10.550567581500406,-0.42202270326001623,-3.2159013235841254,11.482481680841563,0.551315504912025,0.015098714063186811,-0.0336005336990459,0.5569840101187442,96,0,4122,"{""profit_trailing"": 154, ""time_limit"": 107, ""stop_loss"": 53}",0.3679182949160862
0.64,0.64,0.15,1,10800,0.008,,0.003,0.0025,8,True,50.0,0.0,288,140,-10.991212239665547,-0.4396484895866219,-3.290755000794813,11.995368256186202,0.531018258488849,-0.0032260971628538864,-0.038163931387727626,0.5660078155972136,85,0,4293,"{""profit_trailing"": 129, ""time_limit"": 107, ""stop_loss"": 52}",0.3679182949160862
0.64,0.64,0.15,1,10800,0.008,,0.005,,8,True,50.0,0.0,236,107,-8.85286337038464,-0.3541145348153856,-2.3913726523174854,9.858873645167392,0.6356871219145444,-0.014450951470938833,-0.037512132925358654,0.6495629684166808,63,0,3475,"{""time_limit"": 188, ""stop_loss"": 48}",0.3679182949160862
0.64,0.64,0.15,1,10800,0.008,,0.005,0.0015,8,True,50.0,0.0,271,139,-10.782859112611415,-0.4313143645044566,-3.1202245911646145,11.823853212033889,0.5707859261206639,0.0076465529350378605,-0.0397891480170163,0.5980630911253327,78,0,3637,"{""time_limit"": 127, ""profit_trailing"": 86, ""stop_loss"": 58}",0.3679182949160862
0.64,0.64,0.15,1,10800,0.008,,0.005,0.0025,8,True,50.0,0.0,259,130,-10.383470483116835,-0.41533881932467337,-2.9321608071255643,11.4099808916586,0.5797861888015381,0.007178934416074787,-0.04009061962593375,0.5960997526948708,76,0,3860,"{""time_limit"": 128, ""profit_trailing"": 75, ""stop_loss"": 56}",0.3679182949160862
0.64,0.64,0.15,1,10800,0.012,,,,8,True,50.0,0.0,227,104,-7.94835911570772,-0.3179343646283088,-2.1181824957729143,9.05516774458371,0.6560614678006248,-0.009278201783857675,-0.03501479786655382,0.6639670763247815,59,0,3161,"{""time_limit"": 202, ""stop_loss"": 25}",0.3679182949160862
0.64,0.64,0.15,1,10800,0.012,,,0.0015,8,True,50.0,0.0,227,104,-7.94835911570772,-0.3179343646283088,-2.1181824957729143,9.05516774458371,0.6560614678006248,-0.009278201783857675,-0.03501479786655382,0.6639670763247815,59,0,3161,"{""time_limit"": 202, ""stop_loss"": 25}",0.3679182949160862
0.64,0.64,0.15,1,10800,0.012,,,0.0025,8,True,50.0,0.0,227,104,-7.94835911570772,-0.3179343646283088,-2.1181824957729143,9.05516774458371,0.6560614678006248,-0.009278201783857675,-0.03501479786655382,0.6639670763247815,59,0,3161,"{""time_limit"": 202, ""stop_loss"": 25}",0.3679182949160862
0.64,0.64,0.15,1,10800,0.012,,0.003,,8,True,50.0,0.0,227,104,-7.94835911570772,-0.3179343646283088,-2.1181824957729143,9.05516774458371,0.6560614678006248,-0.009278201783857675,-0.03501479786655382,0.6639670763247815,59,0,3161,"{""time_limit"": 202, ""stop_loss"": 25}",0.3679182949160862
0.64,0.64,0.15,1,10800,0.012,,0.003,0.0015,8,True,50.0,0.0,295,174,-10.822127166610482,-0.43288508666441927,-3.1581022001433543,11.682498443711907,0.5310471193120978,0.016988545296843394,-0.036685176835967746,0.5770893507768402,90,0,3703,"{""profit_trailing"": 144, ""time_limit"": 122, ""stop_loss"": 29}",0.3679182949160862
0.64,0.64,0.15,1,10800,0.012,,0.003,0.0025,8,True,50.0,0.0,272,134,-11.616846110615851,-0.46467384442463405,-3.283167399346647,12.537189263803072,0.5025002046356567,-0.0032260971628538864,-0.04270899305373475,0.5847350437031583,83,0,3878,"{""profit_trailing"": 119, ""time_limit"": 126, ""stop_loss"": 27}",0.3679182949160862
0.64,0.64,0.15,1,10800,0.012,,0.005,,8,True,50.0,0.0,227,104,-7.94835911570772,-0.3179343646283088,-2.1181824957729143,9.05516774458371,0.6560614678006248,-0.009278201783857675,-0.03501479786655382,0.6639670763247815,59,0,3161,"{""time_limit"": 202, ""stop_loss"": 25}",0.3679182949160862
0.64,0.64,0.15,1,10800,0.012,,0.005,0.0015,8,True,50.0,0.0,256,133,-11.436634334253789,-0.45746537337015153,-3.1630515957505705,12.477628433676262,0.5380856596724453,0.008374943299408041,-0.04467435286817886,0.6162239716071057,72,0,3252,"{""time_limit"": 147, ""profit_trailing"": 79, ""stop_loss"": 30}",0.3679182949160862
0.64,0.64,0.15,1,10800,0.012,,0.005,0.0025,8,True,50.0,0.0,247,127,-10.243252790495209,-0.4097301116198084,-2.775418837086646,11.269763199036975,0.5742532610081966,0.008523663568146635,-0.041470659070830834,0.6177531101923694,71,0,3439,"{""time_limit"": 148, ""profit_trailing"": 70, ""stop_loss"": 29}",0.3679182949160862
0.7,0.7,0.15,1,5400,0.005,,,,8,True,50.0,0.0,345,145,-10.0712626072814,-0.40285050429125596,-3.157345493070195,10.818393718741527,0.5753244519515908,-0.018420234696492514,-0.029192065528351886,0.48636046138453115,79,0,5135,"{""time_limit"": 267, ""stop_loss"": 78}",0.3383927054426007
0.7,0.7,0.15,1,5400,0.005,,,0.0015,8,True,50.0,0.0,345,145,-10.0712626072814,-0.40285050429125596,-3.157345493070195,10.818393718741527,0.5753244519515908,-0.018420234696492514,-0.029192065528351886,0.48636046138453115,79,0,5135,"{""time_limit"": 267, ""stop_loss"": 78}",0.3383927054426007
0.7,0.7,0.15,1,5400,0.005,,,0.0025,8,True,50.0,0.0,345,145,-10.0712626072814,-0.40285050429125596,-3.157345493070195,10.818393718741527,0.5753244519515908,-0.018420234696492514,-0.029192065528351886,0.48636046138453115,79,0,5135,"{""time_limit"": 267, ""stop_loss"": 78}",0.3383927054426007
0.7,0.7,0.15,1,5400,0.005,,0.003,,8,True,50.0,0.0,345,145,-10.0712626072814,-0.40285050429125596,-3.157345493070195,10.818393718741527,0.5753244519515908,-0.018420234696492514,-0.029192065528351886,0.48636046138453115,79,0,5135,"{""time_limit"": 267, ""stop_loss"": 78}",0.3383927054426007
0.7,0.7,0.15,1,5400,0.005,,0.003,0.0015,8,True,50.0,0.0,390,196,-10.269399182823369,-0.41077596731293475,-3.5097914002031416,11.14505359167795,0.5523329895515916,0.0014288935610792418,-0.02633179277647017,0.44828302278605275,102,0,5488,"{""profit_trailing"": 134, ""time_limit"": 182, ""stop_loss"": 74}",0.3383927054426007
0.7,0.7,0.15,1,5400,0.005,,0.003,0.0025,8,True,50.0,0.0,370,164,-10.689074296488238,-0.4275629718595295,-3.610493145454897,11.33669966472857,0.5284443802669011,-0.008821445437887585,-0.028889389990508732,0.4539464990277699,86,0,5541,"{""profit_trailing"": 97, ""time_limit"": 198, ""stop_loss"": 75}",0.3383927054426007
0.7,0.7,0.15,1,5400,0.005,,0.005,,8,True,50.0,0.0,345,145,-10.0712626072814,-0.40285050429125596,-3.157345493070195,10.818393718741527,0.5753244519515908,-0.018420234696492514,-0.029192065528351886,0.48636046138453115,79,0,5135,"{""time_limit"": 267, ""stop_loss"": 78}",0.3383927054426007
0.7,0.7,0.15,1,5400,0.005,,0.005,0.0015,8,True,50.0,0.0,354,154,-10.819426951216544,-0.4327770780486617,-3.7119951661589723,11.491854792892765,0.5438558050920267,-0.01518370669100947,-0.03056335296953825,0.46359328689282814,88,0,5304,"{""time_limit"": 216, ""profit_trailing"": 60, ""stop_loss"": 78}",0.3383927054426007
0.7,0.7,0.15,1,5400,0.005,,0.005,0.0025,8,True,50.0,0.0,350,155,-10.625070210682894,-0.42500280842731575,-3.523753979943305,11.329677038520504,0.5449292967065164,-0.014571298803370124,-0.03035734345909396,0.466840346604746,84,0,5301,"{""time_limit"": 226, ""profit_trailing"": 48, ""stop_loss"": 76}",0.3383927054426007
0.7,0.7,0.15,1,5400,0.008,,,,8,True,50.0,0.0,337,150,-10.70615855610044,-0.42824634224401764,-3.1718824417153217,11.36895771067714,0.5655682027404517,-0.01152199868854842,-0.03176901648694495,0.5099394008042136,74,0,4481,"{""time_limit"": 295, ""stop_loss"": 42}",0.3383927054426007
0.7,0.7,0.15,1,5400,0.008,,,0.0015,8,True,50.0,0.0,337,150,-10.70615855610044,-0.42824634224401764,-3.1718824417153217,11.36895771067714,0.5655682027404517,-0.01152199868854842,-0.03176901648694495,0.5099394008042136,74,0,4481,"{""time_limit"": 295, ""stop_loss"": 42}",0.3383927054426007
0.7,0.7,0.15,1,5400,0.008,,,0.0025,8,True,50.0,0.0,337,150,-10.70615855610044,-0.42824634224401764,-3.1718824417153217,11.36895771067714,0.5655682027404517,-0.01152199868854842,-0.03176901648694495,0.5099394008042136,74,0,4481,"{""time_limit"": 295, ""stop_loss"": 42}",0.3383927054426007
0.7,0.7,0.15,1,5400,0.008,,0.003,,8,True,50.0,0.0,337,150,-10.70615855610044,-0.42824634224401764,-3.1718824417153217,11.36895771067714,0.5655682027404517,-0.01152199868854842,-0.03176901648694495,0.5099394008042136,74,0,4481,"{""time_limit"": 295, ""stop_loss"": 42}",0.3383927054426007
0.7,0.7,0.15,1,5400,0.008,,0.003,0.0015,8,True,50.0,0.0,380,197,-10.01906993443149,-0.4007627973772596,-3.254155010528995,10.642739501860286,0.5677422457093614,0.005308270852328276,-0.026365973511661808,0.47299465745407865,103,0,4787,"{""profit_trailing"": 130, ""time_limit"": 214, ""stop_loss"": 36}",0.3383927054426007
0.7,0.7,0.15,1,5400,0.008,,0.003,0.0025,8,True,50.0,0.0,361,166,-10.296155118870038,-0.4118462047548015,-3.319401073926319,10.94378048711037,0.5488798303488346,-0.0063502087619891675,-0.02852120531542947,0.4799796114855298,87,0,4801,"{""profit_trailing"": 94, ""time_limit"": 230, ""stop_loss"": 37}",0.3383927054426007
0.7,0.7,0.15,1,5400,0.008,,0.005,,8,True,50.0,0.0,337,150,-10.70615855610044,-0.42824634224401764,-3.1718824417153217,11.36895771067714,0.5655682027404517,-0.01152199868854842,-0.03176901648694495,0.5099394008042136,74,0,4481,"{""time_limit"": 295, ""stop_loss"": 42}",0.3383927054426007
0.7,0.7,0.15,1,5400,0.008,,0.005,0.0015,8,True,50.0,0.0,345,159,-10.952167758980888,-0.4380867103592355,-3.5331417437507597,11.473843962768226,0.5457009637310449,-0.007253080334865674,-0.031745413794147505,0.4885314606105227,86,0,4602,"{""time_limit"": 246, ""profit_trailing"": 59, ""stop_loss"": 40}",0.3383927054426007
0.7,0.7,0.15,1,5400,0.008,,0.005,0.0025,8,True,50.0,0.0,341,160,-10.616386801230473,-0.4246554720492189,-3.319139592282846,11.259185735754995,0.5525210451104118,-0.006720126841732138,-0.031133099123843037,0.49166525079760626,82,0,4610,"{""time_limit"": 255, ""profit_trailing"": 46, ""stop_loss"": 40}",0.3383927054426007
0.7,0.7,0.15,1,5400,0.012,,,,8,True,50.0,0.0,334,148,-10.108734159355283,-0.4043493663742113,-2.951876802557204,10.769671703619935,0.5762201632409258,-0.01227297391591782,-0.030265671135794283,0.5266466557172793,65,0,4199,"{""time_limit"": 315, ""stop_loss"": 19}",0.3383927054426007
0.7,0.7,0.15,1,5400,0.012,,,0.0015,8,True,50.0,0.0,334,148,-10.108734159355283,-0.4043493663742113,-2.951876802557204,10.769671703619935,0.5762201632409258,-0.01227297391591782,-0.030265671135794283,0.5266466557172793,65,0,4199,"{""time_limit"": 315, ""stop_loss"": 19}",0.3383927054426007
0.7,0.7,0.15,1,5400,0.012,,,0.0025,8,True,50.0,0.0,334,148,-10.108734159355283,-0.4043493663742113,-2.951876802557204,10.769671703619935,0.5762201632409258,-0.01227297391591782,-0.030265671135794283,0.5266466557172793,65,0,4199,"{""time_limit"": 315, ""stop_loss"": 19}",0.3383927054426007
0.7,0.7,0.15,1,5400,0.012,,0.003,,8,True,50.0,0.0,334,148,-10.108734159355283,-0.4043493663742113,-2.951876802557204,10.769671703619935,0.5762201632409258,-0.01227297391591782,-0.030265671135794283,0.5266466557172793,65,0,4199,"{""time_limit"": 315, ""stop_loss"": 19}",0.3383927054426007
0.7,0.7,0.15,1,5400,0.012,,0.003,0.0015,8,True,50.0,0.0,379,197,-11.013838766067957,-0.4405535506427183,-3.3836484900042003,11.572389323012931,0.5426314919929475,0.005402849676456118,-0.029060260596485362,0.48619055709727965,102,0,4491,"{""profit_trailing"": 131, ""time_limit"": 231, ""stop_loss"": 17}",0.3383927054426007
0.7,0.7,0.15,1,5400,0.012,,0.003,0.0025,8,True,50.0,0.0,360,165,-11.441416828099921,-0.4576566731239968,-3.4835468765019306,12.089042196340253,0.5203148963707346,-0.006629723442667247,-0.03178171341138866,0.4949878235260803,86,0,4456,"{""profit_trailing"": 96, ""time_limit"": 248, ""stop_loss"": 16}",0.3383927054426007
0.7,0.7,0.15,1,5400,0.012,,0.005,,8,True,50.0,0.0,334,148,-10.108734159355283,-0.4043493663742113,-2.951876802557204,10.769671703619935,0.5762201632409258,-0.01227297391591782,-0.030265671135794283,0.5266466557172793,65,0,4199,"{""time_limit"": 315, ""stop_loss"": 19}",0.3383927054426007
0.7,0.7,0.15,1,5400,0.012,,0.005,0.0015,8,True,50.0,0.0,343,157,-10.564445539293988,-0.42257782157175955,-3.3439019847589044,11.086121743081327,0.5514664517302489,-0.00738880170597433,-0.03080013276762094,0.5038228464631591,79,0,4357,"{""time_limit"": 268, ""profit_trailing"": 58, ""stop_loss"": 17}",0.3383927054426007
0.7,0.7,0.15,1,5400,0.012,,0.005,0.0025,8,True,50.0,0.0,339,158,-10.244964612670465,-0.4097985845068186,-3.1486486888199092,10.887763547194988,0.5572787283464993,-0.006909238123345326,-0.030221134550650338,0.5070321496667988,75,0,4373,"{""time_limit"": 275, ""profit_trailing"": 47, ""stop_loss"": 17}",0.3383927054426007
0.7,0.7,0.15,1,10800,0.005,,,,8,True,50.0,0.0,242,102,-7.100666341916741,-0.2840266536766696,-2.191613427305174,7.997707621408283,0.6683153696088494,-0.03369798612487611,-0.029341596454201382,0.6039719846708577,69,0,3734,"{""time_limit"": 161, ""stop_loss"": 81}",0.3383927054426007
0.7,0.7,0.15,1,10800,0.005,,,0.0015,8,True,50.0,0.0,242,102,-7.100666341916741,-0.2840266536766696,-2.191613427305174,7.997707621408283,0.6683153696088494,-0.03369798612487611,-0.029341596454201382,0.6039719846708577,69,0,3734,"{""time_limit"": 161, ""stop_loss"": 81}",0.3383927054426007
0.7,0.7,0.15,1,10800,0.005,,,0.0025,8,True,50.0,0.0,242,102,-7.100666341916741,-0.2840266536766696,-2.191613427305174,7.997707621408283,0.6683153696088494,-0.03369798612487611,-0.029341596454201382,0.6039719846708577,69,0,3734,"{""time_limit"": 161, ""stop_loss"": 81}",0.3383927054426007
0.7,0.7,0.15,1,10800,0.005,,0.003,,8,True,50.0,0.0,242,102,-7.100666341916741,-0.2840266536766696,-2.191613427305174,7.997707621408283,0.6683153696088494,-0.03369798612487611,-0.029341596454201382,0.6039719846708577,69,0,3734,"{""time_limit"": 161, ""stop_loss"": 81}",0.3383927054426007
0.7,0.7,0.15,1,10800,0.005,,0.003,0.0015,8,True,50.0,0.0,321,177,-9.315169300170197,-0.37260677200680786,-3.172291910303483,10.455158277651302,0.5674281603046882,0.009903142632402499,-0.029019219003645475,0.4992354307073682,102,0,4662,"{""profit_trailing"": 150, ""time_limit"": 87, ""stop_loss"": 84}",0.3383927054426007
0.7,0.7,0.15,1,10800,0.005,,0.003,0.0025,8,True,50.0,0.0,298,141,-9.479825873454951,-0.37919303493819806,-3.167722923355883,10.440737582832822,0.5552031024883816,-0.0033407744767513436,-0.031811496219647475,0.5107889222404712,86,0,4886,"{""profit_trailing"": 125, ""time_limit"": 88, ""stop_loss"": 85}",0.3383927054426007
0.7,0.7,0.15,1,10800,0.005,,0.005,,8,True,50.0,0.0,242,102,-7.100666341916741,-0.2840266536766696,-2.191613427305174,7.997707621408283,0.6683153696088494,-0.03369798612487611,-0.029341596454201382,0.6039719846708577,69,0,3734,"{""time_limit"": 161, ""stop_loss"": 81}",0.3383927054426007
0.7,0.7,0.15,1,10800,0.005,,0.005,0.0015,8,True,50.0,0.0,275,130,-8.978483221302046,-0.35913932885208183,-2.9331109132299304,9.847248583381646,0.6037430378318535,-0.009945377427815257,-0.03264902989564379,0.5308942628985671,87,0,4308,"{""time_limit"": 104, ""profit_trailing"": 82, ""stop_loss"": 89}",0.3383927054426007
0.7,0.7,0.15,1,10800,0.005,,0.005,0.0025,8,True,50.0,0.0,266,127,-8.209273926250878,-0.3283709570500351,-2.5784482788831884,9.063560672178278,0.6278745880473886,-0.006406659920731886,-0.03086193205357471,0.5391629382114742,83,0,4434,"{""time_limit"": 106, ""profit_trailing"": 73, ""stop_loss"": 87}",0.3383927054426007
0.7,0.7,0.15,1,10800,0.008,,,,8,True,50.0,0.0,229,103,-7.972566548295637,-0.3189026619318255,-2.3077038335622224,8.842183904988989,0.6434416396063828,-0.021384220495136854,-0.0348147010842604,0.628513715051632,66,0,3201,"{""time_limit"": 181, ""stop_loss"": 48}",0.3383927054426007
0.7,0.7,0.15,1,10800,0.008,,,0.0015,8,True,50.0,0.0,229,103,-7.972566548295637,-0.3189026619318255,-2.3077038335622224,8.842183904988989,0.6434416396063828,-0.021384220495136854,-0.0348147010842604,0.628513715051632,66,0,3201,"{""time_limit"": 181, ""stop_loss"": 48}",0.3383927054426007
0.7,0.7,0.15,1,10800,0.008,,,0.0025,8,True,50.0,0.0,229,103,-7.972566548295637,-0.3189026619318255,-2.3077038335622224,8.842183904988989,0.6434416396063828,-0.021384220495136854,-0.0348147010842604,0.628513715051632,66,0,3201,"{""time_limit"": 181, ""stop_loss"": 48}",0.3383927054426007
0.7,0.7,0.15,1,10800,0.008,,0.003,,8,True,50.0,0.0,229,103,-7.972566548295637,-0.3189026619318255,-2.3077038335622224,8.842183904988989,0.6434416396063828,-0.021384220495136854,-0.0348147010842604,0.628513715051632,66,0,3201,"{""time_limit"": 181, ""stop_loss"": 48}",0.3383927054426007
0.7,0.7,0.15,1,10800,0.008,,0.003,0.0015,8,True,50.0,0.0,294,168,-9.543495197188397,-0.38173980788753586,-3.055442215875422,10.47218865623069,0.5637540131242685,0.011600778883717562,-0.03246086801764763,0.5306299673406203,99,0,3733,"{""profit_trailing"": 137, ""time_limit"": 106, ""stop_loss"": 51}",0.3383927054426007
0.7,0.7,0.15,1,10800,0.008,,0.003,0.0025,8,True,50.0,0.0,275,135,-9.944805218136471,-0.39779220872545884,-3.1290437889717477,10.845831712412329,0.547452515992923,-0.001330710993413177,-0.03616292806595081,0.5452983708066678,84,0,3949,"{""profit_trailing"": 118, ""time_limit"": 105, ""stop_loss"": 52}",0.3383927054426007
0.7,0.7,0.15,1,10800,0.008,,0.005,,8,True,50.0,0.0,229,103,-7.972566548295637,-0.3189026619318255,-2.3077038335622224,8.842183904988989,0.6434416396063828,-0.021384220495136854,-0.0348147010842604,0.628513715051632,66,0,3201,"{""time_limit"": 181, ""stop_loss"": 48}",0.3383927054426007
0.7,0.7,0.15,1,10800,0.008,,0.005,0.0015,8,True,50.0,0.0,255,131,-9.37926626435674,-0.3751706505742696,-2.869136834373348,10.24803162643634,0.5920817716803944,0.008226223030669447,-0.03678143633081077,0.5620622604821506,83,0,3460,"{""time_limit"": 120, ""profit_trailing"": 80, ""stop_loss"": 55}",0.3383927054426007
0.7,0.7,0.15,1,10800,0.008,,0.005,0.0025,8,True,50.0,0.0,248,126,-8.99796269984378,-0.35991850799375125,-2.6461090074261344,9.85224944577118,0.6072951884064288,0.007702578723372117,-0.03628210766066043,0.569462536104661,78,0,3645,"{""time_limit"": 124, ""profit_trailing"": 70, ""stop_loss"": 54}",0.3383927054426007
0.7,0.7,0.15,1,10800,0.012,,,,8,True,50.0,0.0,220,100,-7.482797916794442,-0.2993119166717777,-2.133270222084995,8.468208702051975,0.6505366555899063,-0.013949258542172575,-0.03401271780361108,0.6416718581865549,55,0,2877,"{""time_limit"": 194, ""stop_loss"": 26}",0.3383927054426007
0.7,0.7,0.15,1,10800,0.012,,,0.0015,8,True,50.0,0.0,220,100,-7.482797916794442,-0.2993119166717777,-2.133270222084995,8.468208702051975,0.6505366555899063,-0.013949258542172575,-0.03401271780361108,0.6416718581865549,55,0,2877,"{""time_limit"": 194, ""stop_loss"": 26}",0.3383927054426007
0.7,0.7,0.15,1,10800,0.012,,,0.0025,8,True,50.0,0.0,220,100,-7.482797916794442,-0.2993119166717777,-2.133270222084995,8.468208702051975,0.6505366555899063,-0.013949258542172575,-0.03401271780361108,0.6416718581865549,55,0,2877,"{""time_limit"": 194, ""stop_loss"": 26}",0.3383927054426007
0.7,0.7,0.15,1,10800,0.012,,0.003,,8,True,50.0,0.0,220,100,-7.482797916794442,-0.2993119166717777,-2.133270222084995,8.468208702051975,0.6505366555899063,-0.013949258542172575,-0.03401271780361108,0.6416718581865549,55,0,2877,"{""time_limit"": 194, ""stop_loss"": 26}",0.3383927054426007
0.7,0.7,0.15,1,10800,0.012,,0.003,0.0015,8,True,50.0,0.0,278,161,-10.825231665813009,-0.4330092666325204,-3.1952256880975574,11.618429471410629,0.5164098393579394,0.012405276999993635,-0.03893968225112594,0.5511695078439146,92,0,3386,"{""profit_trailing"": 129, ""time_limit"": 121, ""stop_loss"": 28}",0.3383927054426007
0.7,0.7,0.15,1,10800,0.012,,0.003,0.0025,8,True,50.0,0.0,258,128,-10.792331621539223,-0.4316932648615689,-3.167976241147706,11.662907943590495,0.5127854421936002,-0.0001604124322426635,-0.041830742719144276,0.5640255989126126,79,0,3585,"{""profit_trailing"": 108, ""time_limit"": 123, ""stop_loss"": 27}",0.3383927054426007
0.7,0.7,0.15,1,10800,0.012,,0.005,,8,True,50.0,0.0,220,100,-7.482797916794442,-0.2993119166717777,-2.133270222084995,8.468208702051975,0.6505366555899063,-0.013949258542172575,-0.03401271780361108,0.6416718581865549,55,0,2877,"{""time_limit"": 194, ""stop_loss"": 26}",0.3383927054426007
0.7,0.7,0.15,1,10800,0.012,,0.005,0.0015,8,True,50.0,0.0,241,126,-10.054116767842526,-0.40216467071370104,-2.9237781743333873,10.922882129922126,0.5594181157873359,0.009903142632402499,-0.04171832683752086,0.5804874365218704,68,0,3133,"{""time_limit"": 137, ""profit_trailing"": 75, ""stop_loss"": 29}",0.3383927054426007
0.7,0.7,0.15,1,10800,0.012,,0.005,0.0025,8,True,50.0,0.0,236,122,-9.240570109307418,-0.3696228043722967,-2.6012961389083915,10.094856855234818,0.5913332808909681,0.009213403100274567,-0.03915495809028568,0.5905873024862661,64,0,3283,"{""time_limit"": 140, ""profit_trailing"": 67, ""stop_loss"": 29}",0.3383927054426007
0.75,0.75,0.15,1,5400,0.005,,,,8,True,50.0,0.0,234,97,-4.952333709499529,-0.19809334837998116,-2.125818508236162,5.431711762211814,0.6587770470019068,-0.016133022841934096,-0.021163819271365528,0.3386381227464084,51,0,3598,"{""time_limit"": 183, ""stop_loss"": 51}",0.19888240735496782
0.75,0.75,0.15,1,5400,0.005,,,0.0015,8,True,50.0,0.0,234,97,-4.952333709499529,-0.19809334837998116,-2.125818508236162,5.431711762211814,0.6587770470019068,-0.016133022841934096,-0.021163819271365528,0.3386381227464084,51,0,3598,"{""time_limit"": 183, ""stop_loss"": 51}",0.19888240735496782
0.75,0.75,0.15,1,5400,0.005,,,0.0025,8,True,50.0,0.0,234,97,-4.952333709499529,-0.19809334837998116,-2.125818508236162,5.431711762211814,0.6587770470019068,-0.016133022841934096,-0.021163819271365528,0.3386381227464084,51,0,3598,"{""time_limit"": 183, ""stop_loss"": 51}",0.19888240735496782
0.75,0.75,0.15,1,5400,0.005,,0.003,,8,True,50.0,0.0,234,97,-4.952333709499529,-0.19809334837998116,-2.125818508236162,5.431711762211814,0.6587770470019068,-0.016133022841934096,-0.021163819271365528,0.3386381227464084,51,0,3598,"{""time_limit"": 183, ""stop_loss"": 51}",0.19888240735496782
0.75,0.75,0.15,1,5400,0.005,,0.003,0.0015,8,True,50.0,0.0,260,122,-7.174406996808868,-0.2869762798723547,-3.613852885695262,7.509519856704209,0.5159332589996217,-0.003929747191189376,-0.027593873064649513,0.310792697891299,53,0,3773,"{""profit_trailing"": 84, ""stop_loss"": 53, ""time_limit"": 123}",0.19888240735496782
0.75,0.75,0.15,1,5400,0.005,,0.003,0.0025,8,True,50.0,0.0,246,106,-6.227864390865706,-0.24911457563462824,-2.949269620745,6.616003826232266,0.5653303613975343,-0.010823557136931315,-0.025316521914088255,0.3123595929848408,53,0,3868,"{""time_limit"": 137, ""stop_loss"": 51, ""profit_trailing"": 58}",0.19888240735496782
0.75,0.75,0.15,1,5400,0.005,,0.005,,8,True,50.0,0.0,234,97,-4.952333709499529,-0.19809334837998116,-2.125818508236162,5.431711762211814,0.6587770470019068,-0.016133022841934096,-0.021163819271365528,0.3386381227464084,51,0,3598,"{""time_limit"": 183, ""stop_loss"": 51}",0.19888240735496782
0.75,0.75,0.15,1,5400,0.005,,0.005,0.0015,8,True,50.0,0.0,240,102,-6.519884974344036,-0.2607953989737614,-3.174154310838803,6.769403101857703,0.5654049848795992,-0.01236735731118849,-0.02716618739310018,0.3224028241868192,52,0,3683,"{""time_limit"": 150, ""profit_trailing"": 36, ""stop_loss"": 54}",0.19888240735496782
0.75,0.75,0.15,1,5400,0.005,,0.005,0.0025,8,True,50.0,0.0,238,102,-5.84613727511339,-0.2338454910045356,-2.703831512422607,6.305880733096335,0.599810763087306,-0.01086838938322295,-0.024563601996274772,0.32581978818598856,52,0,3693,"{""time_limit"": 158, ""stop_loss"": 52, ""profit_trailing"": 28}",0.19888240735496782
0.75,0.75,0.15,1,5400,0.008,,,,8,True,50.0,0.0,227,102,-4.726767185402671,-0.18907068741610683,-1.9212938937337276,5.267387804250192,0.6774323325050043,-0.007534241668044469,-0.020822762931289297,0.35396726510732285,48,0,3225,"{""time_limit"": 202, ""stop_loss"": 25}",0.19888240735496782
0.75,0.75,0.15,1,5400,0.008,,,0.0015,8,True,50.0,0.0,227,102,-4.726767185402671,-0.18907068741610683,-1.9212938937337276,5.267387804250192,0.6774323325050043,-0.007534241668044469,-0.020822762931289297,0.35396726510732285,48,0,3225,"{""time_limit"": 202, ""stop_loss"": 25}",0.19888240735496782
0.75,0.75,0.15,1,5400,0.008,,,0.0025,8,True,50.0,0.0,227,102,-4.726767185402671,-0.18907068741610683,-1.9212938937337276,5.267387804250192,0.6774323325050043,-0.007534241668044469,-0.020822762931289297,0.35396726510732285,48,0,3225,"{""time_limit"": 202, ""stop_loss"": 25}",0.19888240735496782
0.75,0.75,0.15,1,5400,0.008,,0.003,,8,True,50.0,0.0,227,102,-4.726767185402671,-0.18907068741610683,-1.9212938937337276,5.267387804250192,0.6774323325050043,-0.007534241668044469,-0.020822762931289297,0.35396726510732285,48,0,3225,"{""time_limit"": 202, ""stop_loss"": 25}",0.19888240735496782
0.75,0.75,0.15,1,5400,0.008,,0.003,0.0015,8,True,50.0,0.0,253,124,-7.118051125714328,-0.2847220450285731,-3.2782227769378482,7.623410290040152,0.5296266680739252,-0.002837336244241378,-0.02813458942970092,0.32706575295916634,51,0,3399,"{""profit_trailing"": 82, ""stop_loss"": 27, ""time_limit"": 144}",0.19888240735496782
0.75,0.75,0.15,1,5400,0.008,,0.003,0.0025,8,True,50.0,0.0,239,109,-5.969445886830519,-0.23877783547322073,-2.637788642839362,6.42608431433144,0.5876809504486492,-0.007820050894652012,-0.02497676103276369,0.32927450869343605,51,0,3459,"{""time_limit"": 156, ""profit_trailing"": 56, ""stop_loss"": 27}",0.19888240735496782
0.75,0.75,0.15,1,5400,0.008,,0.005,,8,True,50.0,0.0,227,102,-4.726767185402671,-0.18907068741610683,-1.9212938937337276,5.267387804250192,0.6774323325050043,-0.007534241668044469,-0.020822762931289297,0.35396726510732285,48,0,3225,"{""time_limit"": 202, ""stop_loss"": 25}",0.19888240735496782
0.75,0.75,0.15,1,5400,0.008,,0.005,0.0015,8,True,50.0,0.0,233,107,-6.130359450438848,-0.24521437801755394,-2.7954577863948553,6.504218874623391,0.5896145879232003,-0.007253080334865674,-0.026310555581282632,0.3386758792546865,49,0,3271,"{""time_limit"": 169, ""profit_trailing"": 38, ""stop_loss"": 26}",0.19888240735496782
0.75,0.75,0.15,1,5400,0.008,,0.005,0.0025,8,True,50.0,0.0,231,107,-5.642548528217297,-0.22570194112869188,-2.4511614290010906,6.181774029845851,0.6161051222316403,-0.006733211436622869,-0.0244266170052697,0.34162088690037945,49,0,3298,"{""time_limit"": 175, ""profit_trailing"": 30, ""stop_loss"": 26}",0.19888240735496782
0.75,0.75,0.15,1,5400,0.012,,,,8,True,50.0,0.0,226,101,-4.753298101777023,-0.19013192407108093,-1.859016380414733,5.4043385847486,0.6749878495359026,-0.007786623215289795,-0.021032292485739044,0.3629721923316532,49,0,3144,"{""time_limit"": 213, ""stop_loss"": 13}",0.19888240735496782
0.75,0.75,0.15,1,5400,0.012,,,0.0015,8,True,50.0,0.0,226,101,-4.753298101777023,-0.19013192407108093,-1.859016380414733,5.4043385847486,0.6749878495359026,-0.007786623215289795,-0.021032292485739044,0.3629721923316532,49,0,3144,"{""time_limit"": 213, ""stop_loss"": 13}",0.19888240735496782
0.75,0.75,0.15,1,5400,0.012,,,0.0025,8,True,50.0,0.0,226,101,-4.753298101777023,-0.19013192407108093,-1.859016380414733,5.4043385847486,0.6749878495359026,-0.007786623215289795,-0.021032292485739044,0.3629721923316532,49,0,3144,"{""time_limit"": 213, ""stop_loss"": 13}",0.19888240735496782
0.75,0.75,0.15,1,5400,0.012,,0.003,,8,True,50.0,0.0,226,101,-4.753298101777023,-0.19013192407108093,-1.859016380414733,5.4043385847486,0.6749878495359026,-0.007786623215289795,-0.021032292485739044,0.3629721923316532,49,0,3144,"{""time_limit"": 213, ""stop_loss"": 13}",0.19888240735496782
0.75,0.75,0.15,1,5400,0.012,,0.003,0.0015,8,True,50.0,0.0,253,124,-7.350077882041252,-0.2940031152816501,-3.1986924634216405,7.855437046367076,0.5209764407537749,-0.002837336244241378,-0.02905169123336465,0.3367314190783636,52,0,3289,"{""profit_trailing"": 82, ""time_limit"": 157, ""stop_loss"": 14}",0.19888240735496782
0.75,0.75,0.15,1,5400,0.012,,0.003,0.0025,8,True,50.0,0.0,238,108,-5.9942428140238135,-0.23976971256095253,-2.5269868173419647,6.476338403869812,0.5850993982735114,-0.007929527828593567,-0.025185894176570654,0.3387325140171037,52,0,3371,"{""time_limit"": 169, ""profit_trailing"": 56, ""stop_loss"": 13}",0.19888240735496782
0.75,0.75,0.15,1,5400,0.012,,0.005,,8,True,50.0,0.0,226,101,-4.753298101777023,-0.19013192407108093,-1.859016380414733,5.4043385847486,0.6749878495359026,-0.007786623215289795,-0.021032292485739044,0.3629721923316532,49,0,3144,"{""time_limit"": 213, ""stop_loss"": 13}",0.19888240735496782
0.75,0.75,0.15,1,5400,0.012,,0.005,0.0015,8,True,50.0,0.0,232,106,-6.195082691427735,-0.2478033076571094,-2.688930521092206,6.594399277957355,0.5855742592422238,-0.0073936610014550715,-0.02670294263546439,0.3478695890204074,50,0,3184,"{""time_limit"": 182, ""profit_trailing"": 37, ""stop_loss"": 13}",0.19888240735496782
0.75,0.75,0.15,1,5400,0.012,,0.005,0.0025,8,True,50.0,0.0,230,106,-5.678746116779314,-0.22714984467117255,-2.3603793566738203,6.243428780752945,0.6131445431561586,-0.006993145885744271,-0.024690200507736154,0.3507957184119613,50,0,3212,"{""time_limit"": 187, ""profit_trailing"": 30, ""stop_loss"": 13}",0.19888240735496782
0.75,0.75,0.15,1,10800,0.005,,,,8,True,50.0,0.0,181,78,-6.630517810528031,-0.2652207124211212,-2.2869799843081706,7.2113990419486385,0.6067203637795997,-0.029430637048929738,-0.03663269508579024,0.4415057295501312,45,0,2828,"{""time_limit"": 115, ""stop_loss"": 66}",0.19888240735496782
0.75,0.75,0.15,1,10800,0.005,,,0.0015,8,True,50.0,0.0,181,78,-6.630517810528031,-0.2652207124211212,-2.2869799843081706,7.2113990419486385,0.6067203637795997,-0.029430637048929738,-0.03663269508579024,0.4415057295501312,45,0,2828,"{""time_limit"": 115, ""stop_loss"": 66}",0.19888240735496782
0.75,0.75,0.15,1,10800,0.005,,,0.0025,8,True,50.0,0.0,181,78,-6.630517810528031,-0.2652207124211212,-2.2869799843081706,7.2113990419486385,0.6067203637795997,-0.029430637048929738,-0.03663269508579024,0.4415057295501312,45,0,2828,"{""time_limit"": 115, ""stop_loss"": 66}",0.19888240735496782
0.75,0.75,0.15,1,10800,0.005,,0.003,,8,True,50.0,0.0,181,78,-6.630517810528031,-0.2652207124211212,-2.2869799843081706,7.2113990419486385,0.6067203637795997,-0.029430637048929738,-0.03663269508579024,0.4415057295501312,45,0,2828,"{""time_limit"": 115, ""stop_loss"": 66}",0.19888240735496782
0.75,0.75,0.15,1,10800,0.005,,0.003,0.0015,8,True,50.0,0.0,222,119,-7.378418486021418,-0.2951367394408567,-3.5906878414087666,7.634672162268511,0.5120689189886941,0.007452404787506219,-0.03323611930640278,0.3531743784334825,53,0,3345,"{""profit_trailing"": 97, ""stop_loss"": 67, ""time_limit"": 58}",0.19888240735496782
0.75,0.75,0.15,1,10800,0.005,,0.003,0.0025,8,True,50.0,0.0,207,100,-5.956004290959279,-0.23824017163837116,-2.7463126996266354,6.3805978942355726,0.5835540013106912,-0.0034680688921061055,-0.028772967589175275,0.3626512620112892,52,0,3410,"{""profit_trailing"": 84, ""stop_loss"": 63, ""time_limit"": 60}",0.19888240735496782
0.75,0.75,0.15,1,10800,0.005,,0.005,,8,True,50.0,0.0,181,78,-6.630517810528031,-0.2652207124211212,-2.2869799843081706,7.2113990419486385,0.6067203637795997,-0.029430637048929738,-0.03663269508579024,0.4415057295501312,45,0,2828,"{""time_limit"": 115, ""stop_loss"": 66}",0.19888240735496782
0.75,0.75,0.15,1,10800,0.005,,0.005,0.0015,8,True,50.0,0.0,194,94,-6.6228225163670755,-0.26491290065468304,-3.1516231047421925,6.8244823537034875,0.5618693055710783,-0.009326022327586853,-0.03413826039364473,0.3744501708482,51,0,3157,"{""profit_trailing"": 57, ""stop_loss"": 67, ""time_limit"": 70}",0.19888240735496782
0.75,0.75,0.15,1,10800,0.005,,0.005,0.0025,8,True,50.0,0.0,192,95,-5.831888368137349,-0.23327553472549398,-2.6293034348934277,6.203612181577031,0.6058219204711873,-0.0030499505460989725,-0.030374418584048712,0.3868343055634215,50,0,3187,"{""profit_trailing"": 56, ""stop_loss"": 66, ""time_limit"": 70}",0.19888240735496782
0.75,0.75,0.15,1,10800,0.008,,,,8,True,50.0,0.0,168,80,-6.217824993110553,-0.24871299972442212,-1.9791685122030134,6.983435008360222,0.632260955640182,-0.010749761802851285,-0.037010863054229494,0.46300806101451736,43,0,2498,"{""time_limit"": 132, ""stop_loss"": 36}",0.19888240735496782
0.75,0.75,0.15,1,10800,0.008,,,0.0015,8,True,50.0,0.0,168,80,-6.217824993110553,-0.24871299972442212,-1.9791685122030134,6.983435008360222,0.632260955640182,-0.010749761802851285,-0.037010863054229494,0.46300806101451736,43,0,2498,"{""time_limit"": 132, ""stop_loss"": 36}",0.19888240735496782
0.75,0.75,0.15,1,10800,0.008,,,0.0025,8,True,50.0,0.0,168,80,-6.217824993110553,-0.24871299972442212,-1.9791685122030134,6.983435008360222,0.632260955640182,-0.010749761802851285,-0.037010863054229494,0.46300806101451736,43,0,2498,"{""time_limit"": 132, ""stop_loss"": 36}",0.19888240735496782
0.75,0.75,0.15,1,10800,0.008,,0.003,,8,True,50.0,0.0,168,80,-6.217824993110553,-0.24871299972442212,-1.9791685122030134,6.983435008360222,0.632260955640182,-0.010749761802851285,-0.037010863054229494,0.46300806101451736,43,0,2498,"{""time_limit"": 132, ""stop_loss"": 36}",0.19888240735496782
0.75,0.75,0.15,1,10800,0.008,,0.003,0.0015,8,True,50.0,0.0,210,118,-8.127887683132286,-0.32511550732529143,-3.4802391780718493,8.484947243213075,0.4912484946687125,0.010194842244662179,-0.038704227062534714,0.38041569915614204,51,0,2821,"{""profit_trailing"": 96, ""stop_loss"": 42, ""time_limit"": 72}",0.19888240735496782
0.75,0.75,0.15,1,10800,0.008,,0.003,0.0025,8,True,50.0,0.0,193,97,-6.54983231358305,-0.261993292543322,-2.713776737010929,6.995958340847975,0.5632924050344252,0.0019370663938213795,-0.033936954992658294,0.3892507220932208,50,0,2890,"{""profit_trailing"": 81, ""stop_loss"": 38, ""time_limit"": 74}",0.19888240735496782
0.75,0.75,0.15,1,10800,0.008,,0.005,,8,True,50.0,0.0,168,80,-6.217824993110553,-0.24871299972442212,-1.9791685122030134,6.983435008360222,0.632260955640182,-0.010749761802851285,-0.037010863054229494,0.46300806101451736,43,0,2498,"{""time_limit"": 132, ""stop_loss"": 36}",0.19888240735496782
0.75,0.75,0.15,1,10800,0.008,,0.005,0.0015,8,True,50.0,0.0,180,96,-6.38850692304675,-0.25554027692187,-2.7610983367043924,6.679197575081002,0.573309235713378,0.01064641365859739,-0.0354917051280375,0.4005587963225161,49,0,2611,"{""profit_trailing"": 59, ""stop_loss"": 39, ""time_limit"": 82}",0.19888240735496782
0.75,0.75,0.15,1,10800,0.008,,0.005,0.0025,8,True,50.0,0.0,179,96,-5.778404733394014,-0.23113618933576055,-2.3792649441659,6.194300108506269,0.610907762949555,0.010806285460272923,-0.03228159068935204,0.41239546166770497,48,0,2676,"{""profit_trailing"": 57, ""stop_loss"": 38, ""time_limit"": 84}",0.19888240735496782
0.75,0.75,0.15,1,10800,0.012,,,,8,True,50.0,0.0,162,77,-5.756469721329136,-0.23025878885316545,-1.8181266873187247,6.851642740372727,0.6452137759224353,-0.008793852059090567,-0.03553376371190822,0.47507126540937494,41,0,2292,"{""time_limit"": 142, ""stop_loss"": 20}",0.19888240735496782
0.75,0.75,0.15,1,10800,0.012,,,0.0015,8,True,50.0,0.0,162,77,-5.756469721329136,-0.23025878885316545,-1.8181266873187247,6.851642740372727,0.6452137759224353,-0.008793852059090567,-0.03553376371190822,0.47507126540937494,41,0,2292,"{""time_limit"": 142, ""stop_loss"": 20}",0.19888240735496782
0.75,0.75,0.15,1,10800,0.012,,,0.0025,8,True,50.0,0.0,162,77,-5.756469721329136,-0.23025878885316545,-1.8181266873187247,6.851642740372727,0.6452137759224353,-0.008793852059090567,-0.03553376371190822,0.47507126540937494,41,0,2292,"{""time_limit"": 142, ""stop_loss"": 20}",0.19888240735496782
0.75,0.75,0.15,1,10800,0.012,,0.003,,8,True,50.0,0.0,162,77,-5.756469721329136,-0.23025878885316545,-1.8181266873187247,6.851642740372727,0.6452137759224353,-0.008793852059090567,-0.03553376371190822,0.47507126540937494,41,0,2292,"{""time_limit"": 142, ""stop_loss"": 20}",0.19888240735496782
0.75,0.75,0.15,1,10800,0.012,,0.003,0.0015,8,True,50.0,0.0,198,112,-9.586393544013584,-0.38345574176054337,-3.6117447894633794,9.94345310409437,0.43382984263386914,0.01064641365859739,-0.0484161290101696,0.3919691906892451,48,0,2623,"{""profit_trailing"": 90, ""stop_loss"": 25, ""time_limit"": 83}",0.19888240735496782
0.75,0.75,0.15,1,10800,0.012,,0.003,0.0025,8,True,50.0,0.0,186,94,-7.893798209651796,-0.31575192838607186,-2.934173086527808,8.33992423691672,0.5054504630385986,0.002131977203221948,-0.042439775320708584,0.4069018897132393,47,0,2667,"{""profit_trailing"": 75, ""stop_loss"": 22, ""time_limit"": 89}",0.19888240735496782
0.75,0.75,0.15,1,10800,0.012,,0.005,,8,True,50.0,0.0,162,77,-5.756469721329136,-0.23025878885316545,-1.8181266873187247,6.851642740372727,0.6452137759224353,-0.008793852059090567,-0.03553376371190822,0.47507126540937494,41,0,2292,"{""time_limit"": 142, ""stop_loss"": 20}",0.19888240735496782
0.75,0.75,0.15,1,10800,0.012,,0.005,0.0015,8,True,50.0,0.0,175,93,-7.957464769578157,-0.3182985907831263,-2.9909908428823497,8.24815542161241,0.5141578066725723,0.010486541856921858,-0.04547122725473232,0.41571803439617905,47,0,2415,"{""profit_trailing"": 57, ""stop_loss"": 23, ""time_limit"": 95}",0.19888240735496782
0.75,0.75,0.15,1,10800,0.012,,0.005,0.0025,8,True,50.0,0.0,175,93,-7.263576768412769,-0.29054307073651076,-2.6495315159471042,7.6794721435250235,0.5534409898569028,0.010486541856921858,-0.04150615296235867,0.42861188197315514,46,0,2431,"{""profit_trailing"": 55, ""stop_loss"": 23, ""time_limit"": 97}",0.19888240735496782
0.77,0.77,0.15,1,5400,0.005,,,,8,True,50.0,0.0,216,95,-4.005785222687799,-0.16023140890751197,-1.7636841979327174,4.169925105052213,0.69568598605519,-0.00811639763326169,-0.018545301956887972,0.31190651488550336,44,0,3440,"{""time_limit"": 170, ""stop_loss"": 46}",0.18058937909422138
0.77,0.77,0.15,1,5400,0.005,,,0.0015,8,True,50.0,0.0,216,95,-4.005785222687799,-0.16023140890751197,-1.7636841979327174,4.169925105052213,0.69568598605519,-0.00811639763326169,-0.018545301956887972,0.31190651488550336,44,0,3440,"{""time_limit"": 170, ""stop_loss"": 46}",0.18058937909422138
0.77,0.77,0.15,1,5400,0.005,,,0.0025,8,True,50.0,0.0,216,95,-4.005785222687799,-0.16023140890751197,-1.7636841979327174,4.169925105052213,0.69568598605519,-0.00811639763326169,-0.018545301956887972,0.31190651488550336,44,0,3440,"{""time_limit"": 170, ""stop_loss"": 46}",0.18058937909422138
0.77,0.77,0.15,1,5400,0.005,,0.003,,8,True,50.0,0.0,216,95,-4.005785222687799,-0.16023140890751197,-1.7636841979327174,4.169925105052213,0.69568598605519,-0.00811639763326169,-0.018545301956887972,0.31190651488550336,44,0,3440,"{""time_limit"": 170, ""stop_loss"": 46}",0.18058937909422138
0.77,0.77,0.15,1,5400,0.005,,0.003,0.0015,8,True,50.0,0.0,239,116,-6.306421048777036,-0.25225684195108145,-3.262692765383527,6.431147581927621,0.5330979502128843,-0.0030591719337017473,-0.026386698948857916,0.2827773687489381,48,0,3628,"{""profit_trailing"": 81, ""stop_loss"": 48, ""time_limit"": 110}",0.18058937909422138
0.77,0.77,0.15,1,5400,0.005,,0.003,0.0025,8,True,50.0,0.0,226,99,-5.593057343177316,-0.22372229372709262,-2.72318958822953,5.707621330643072,0.5764055690612346,-0.00926882093348247,-0.024748041341492565,0.2854392025825452,45,0,3699,"{""time_limit"": 124, ""stop_loss"": 47, ""profit_trailing"": 55}",0.18058937909422138
0.77,0.77,0.15,1,5400,0.005,,0.005,,8,True,50.0,0.0,216,95,-4.005785222687799,-0.16023140890751197,-1.7636841979327174,4.169925105052213,0.69568598605519,-0.00811639763326169,-0.018545301956887972,0.31190651488550336,44,0,3440,"{""time_limit"": 170, ""stop_loss"": 46}",0.18058937909422138
0.77,0.77,0.15,1,5400,0.005,,0.005,0.0015,8,True,50.0,0.0,220,99,-5.536371886084785,-0.2214548754433914,-2.797389744960608,5.6080794722556835,0.5879981492206362,-0.0073936610014550715,-0.025165326754930866,0.29402880821581623,45,0,3521,"{""profit_trailing"": 35, ""stop_loss"": 48, ""time_limit"": 137}",0.18058937909422138
0.77,0.77,0.15,1,5400,0.005,,0.005,0.0025,8,True,50.0,0.0,219,98,-5.210011991725782,-0.20840047966903127,-2.478928641878769,5.324575979191538,0.6121063362099557,-0.007534241668044469,-0.02379000909463829,0.2975024069774027,44,0,3522,"{""time_limit"": 144, ""stop_loss"": 48, ""profit_trailing"": 27}",0.18058937909422138
0.77,0.77,0.15,1,5400,0.008,,,,8,True,50.0,0.0,210,98,-3.8329094758148825,-0.1533163790325953,-1.6034032610434465,4.809466020296789,0.7124482044381185,-0.004882180823463698,-0.018251949884832773,0.3252534405618168,43,0,3106,"{""time_limit"": 185, ""stop_loss"": 25}",0.18058937909422138
0.77,0.77,0.15,1,5400,0.008,,,0.0015,8,True,50.0,0.0,210,98,-3.8329094758148825,-0.1533163790325953,-1.6034032610434465,4.809466020296789,0.7124482044381185,-0.004882180823463698,-0.018251949884832773,0.3252534405618168,43,0,3106,"{""time_limit"": 185, ""stop_loss"": 25}",0.18058937909422138
0.77,0.77,0.15,1,5400,0.008,,,0.0025,8,True,50.0,0.0,210,98,-3.8329094758148825,-0.1533163790325953,-1.6034032610434465,4.809466020296789,0.7124482044381185,-0.004882180823463698,-0.018251949884832773,0.3252534405618168,43,0,3106,"{""time_limit"": 185, ""stop_loss"": 25}",0.18058937909422138
0.77,0.77,0.15,1,5400,0.008,,0.003,,8,True,50.0,0.0,210,98,-3.8329094758148825,-0.1533163790325953,-1.6034032610434465,4.809466020296789,0.7124482044381185,-0.004882180823463698,-0.018251949884832773,0.3252534405618168,43,0,3106,"{""time_limit"": 185, ""stop_loss"": 25}",0.18058937909422138
0.77,0.77,0.15,1,5400,0.008,,0.003,0.0015,8,True,50.0,0.0,233,115,-6.649640588286491,-0.26598562353145966,-3.162542656725165,6.774367121437076,0.5264363840632322,-0.0027043534229792103,-0.028539229992645895,0.29829529365124313,47,0,3242,"{""profit_trailing"": 77, ""stop_loss"": 26, ""time_limit"": 130}",0.18058937909422138
0.77,0.77,0.15,1,5400,0.008,,0.003,0.0025,8,True,50.0,0.0,220,100,-5.448823856600212,-0.21795295426400849,-2.4737924823117847,5.563387844065968,0.5935857136942309,-0.007133726552333669,-0.024767381166364608,0.2999377017613411,44,0,3333,"{""time_limit"": 141, ""stop_loss"": 26, ""profit_trailing"": 53}",0.18058937909422138
0.77,0.77,0.15,1,5400,0.008,,0.005,,8,True,50.0,0.0,210,98,-3.8329094758148825,-0.1533163790325953,-1.6034032610434465,4.809466020296789,0.7124482044381185,-0.004882180823463698,-0.018251949884832773,0.3252534405618168,43,0,3106,"{""time_limit"": 185, ""stop_loss"": 25}",0.18058937909422138
0.77,0.77,0.15,1,5400,0.008,,0.005,0.0015,8,True,50.0,0.0,213,100,-5.558068971747535,-0.2223227588699014,-2.6321609530979284,5.629776557918434,0.5926032286857614,-0.00464244783443722,-0.026094220524636325,0.30935795057673066,42,0,3121,"{""profit_trailing"": 34, ""stop_loss"": 25, ""time_limit"": 154}",0.18058937909422138
0.77,0.77,0.15,1,5400,0.008,,0.005,0.0025,8,True,50.0,0.0,211,100,-4.873329549279855,-0.19493318197119422,-2.197611132092745,4.987893536745611,0.634423964311503,-0.004391425490272647,-0.02309634857478605,0.3112457759906364,42,0,3176,"{""time_limit"": 159, ""stop_loss"": 25, ""profit_trailing"": 27}",0.18058937909422138
0.77,0.77,0.15,1,5400,0.012,,,,8,True,50.0,0.0,209,97,-4.077363882128278,-0.16309455528513112,-1.6302433750276857,5.19246697518796,0.6983930429058458,-0.005121913812490176,-0.01950891809630755,0.3337486549243926,44,0,2993,"{""time_limit"": 196, ""stop_loss"": 13}",0.18058937909422138
0.77,0.77,0.15,1,5400,0.012,,,0.0015,8,True,50.0,0.0,209,97,-4.077363882128278,-0.16309455528513112,-1.6302433750276857,5.19246697518796,0.6983930429058458,-0.005121913812490176,-0.01950891809630755,0.3337486549243926,44,0,2993,"{""time_limit"": 196, ""stop_loss"": 13}",0.18058937909422138
0.77,0.77,0.15,1,5400,0.012,,,0.0025,8,True,50.0,0.0,209,97,-4.077363882128278,-0.16309455528513112,-1.6302433750276857,5.19246697518796,0.6983930429058458,-0.005121913812490176,-0.01950891809630755,0.3337486549243926,44,0,2993,"{""time_limit"": 196, ""stop_loss"": 13}",0.18058937909422138
0.77,0.77,0.15,1,5400,0.012,,0.003,,8,True,50.0,0.0,209,97,-4.077363882128278,-0.16309455528513112,-1.6302433750276857,5.19246697518796,0.6983930429058458,-0.005121913812490176,-0.01950891809630755,0.3337486549243926,44,0,2993,"{""time_limit"": 196, ""stop_loss"": 13}",0.18058937909422138
0.77,0.77,0.15,1,5400,0.012,,0.003,0.0015,8,True,50.0,0.0,233,115,-7.1565368688434186,-0.28626147475373676,-3.1583761940627633,7.2812634019940035,0.5073861415745383,-0.0027043534229792103,-0.0307147505100576,0.30720582960487813,48,0,3143,"{""profit_trailing"": 77, ""stop_loss"": 14, ""time_limit"": 142}",0.18058937909422138
0.77,0.77,0.15,1,5400,0.012,,0.003,0.0025,8,True,50.0,0.0,219,99,-5.7164025777869405,-0.22865610311147763,-2.4555658689205955,5.830966565252696,0.5802791227681291,-0.007534241668044469,-0.02610229487573946,0.30852730739461215,45,0,3224,"{""time_limit"": 153, ""stop_loss"": 13, ""profit_trailing"": 53}",0.18058937909422138
0.77,0.77,0.15,1,5400,0.012,,0.005,,8,True,50.0,0.0,209,97,-4.077363882128278,-0.16309455528513112,-1.6302433750276857,5.19246697518796,0.6983930429058458,-0.005121913812490176,-0.01950891809630755,0.3337486549243926,44,0,2993,"{""time_limit"": 196, ""stop_loss"": 13}",0.18058937909422138
0.77,0.77,0.15,1,5400,0.012,,0.005,0.0015,8,True,50.0,0.0,211,99,-5.620689728488237,-0.2248275891395295,-2.520708828369068,5.692397314659136,0.5882679139109035,-0.00464244783443722,-0.0266383399454419,0.31630514809990373,43,0,3057,"{""profit_trailing"": 33, ""stop_loss"": 13, ""time_limit"": 165}",0.18058937909422138
0.77,0.77,0.15,1,5400,0.012,,0.005,0.0025,8,True,50.0,0.0,210,99,-5.117783955593252,-0.20471135822373007,-2.191029856979329,5.306261165013051,0.6214626414884591,-0.004516936662354934,-0.024370399788539294,0.31974099035321213,43,0,3063,"{""time_limit"": 170, ""stop_loss"": 13, ""profit_trailing"": 27}",0.18058937909422138
0.77,0.77,0.15,1,10800,0.005,,,,8,True,50.0,0.0,170,73,-5.039081361215021,-0.20156325444860085,-1.7678802026460503,5.609569615167616,0.6677630983931268,-0.02756802209608131,-0.02964165506597073,0.4171527817107474,39,0,2683,"{""time_limit"": 112, ""stop_loss"": 58}",0.18058937909422138
0.77,0.77,0.15,1,10800,0.005,,,0.0015,8,True,50.0,0.0,170,73,-5.039081361215021,-0.20156325444860085,-1.7678802026460503,5.609569615167616,0.6677630983931268,-0.02756802209608131,-0.02964165506597073,0.4171527817107474,39,0,2683,"{""time_limit"": 112, ""stop_loss"": 58}",0.18058937909422138
0.77,0.77,0.15,1,10800,0.005,,,0.0025,8,True,50.0,0.0,170,73,-5.039081361215021,-0.20156325444860085,-1.7678802026460503,5.609569615167616,0.6677630983931268,-0.02756802209608131,-0.02964165506597073,0.4171527817107474,39,0,2683,"{""time_limit"": 112, ""stop_loss"": 58}",0.18058937909422138
0.77,0.77,0.15,1,10800,0.005,,0.003,,8,True,50.0,0.0,170,73,-5.039081361215021,-0.20156325444860085,-1.7678802026460503,5.609569615167616,0.6677630983931268,-0.02756802209608131,-0.02964165506597073,0.4171527817107474,39,0,2683,"{""time_limit"": 112, ""stop_loss"": 58}",0.18058937909422138
0.77,0.77,0.15,1,10800,0.005,,0.003,0.0015,8,True,50.0,0.0,206,109,-6.3281538095097964,-0.2531261523803919,-3.204340242338035,6.452880342660381,0.5339540863272438,0.00688170189964848,-0.03071919325004757,0.3242906496007249,48,0,3196,"{""profit_trailing"": 94, ""stop_loss"": 59, ""time_limit"": 53}",0.18058937909422138
0.77,0.77,0.15,1,10800,0.005,,0.003,0.0025,8,True,50.0,0.0,192,91,-4.962130895445579,-0.19848523581782318,-2.377995142323399,5.11297392062088,0.6140125097365021,-0.0069484341096171295,-0.0258444317471124,0.34024277434822825,44,0,3217,"{""profit_trailing"": 77, ""stop_loss"": 56, ""time_limit"": 59}",0.18058937909422138
0.77,0.77,0.15,1,10800,0.005,,0.005,,8,True,50.0,0.0,170,73,-5.039081361215021,-0.20156325444860085,-1.7678802026460503,5.609569615167616,0.6677630983931268,-0.02756802209608131,-0.02964165506597073,0.4171527817107474,39,0,2683,"{""time_limit"": 112, ""stop_loss"": 58}",0.18058937909422138
0.77,0.77,0.15,1,10800,0.005,,0.005,0.0015,8,True,50.0,0.0,182,88,-5.482078191962265,-0.21928312767849062,-2.701840461605402,5.553785778133164,0.5977544479959216,-0.010434839806738143,-0.03012130874704543,0.34766192822487774,44,0,2995,"{""profit_trailing"": 55, ""stop_loss"": 60, ""time_limit"": 67}",0.18058937909422138
0.77,0.77,0.15,1,10800,0.005,,0.005,0.0025,8,True,50.0,0.0,180,88,-5.030173248389474,-0.20120692993557895,-2.354122580123551,5.122232841909233,0.6270119107441925,-0.004656727840823438,-0.027945406935497078,0.3603103584980461,42,0,3012,"{""profit_trailing"": 51, ""stop_loss"": 60, ""time_limit"": 69}",0.18058937909422138
0.77,0.77,0.15,1,10800,0.008,,,,8,True,50.0,0.0,158,73,-5.29218858540073,-0.2116875434160292,-1.7313940556551206,5.607915865837665,0.6576300541358276,-0.012106805058435303,-0.03349486446456157,0.4318400634309339,37,0,2416,"{""time_limit"": 124, ""stop_loss"": 34}",0.18058937909422138
0.77,0.77,0.15,1,10800,0.008,,,0.0015,8,True,50.0,0.0,158,73,-5.29218858540073,-0.2116875434160292,-1.7313940556551206,5.607915865837665,0.6576300541358276,-0.012106805058435303,-0.03349486446456157,0.4318400634309339,37,0,2416,"{""time_limit"": 124, ""stop_loss"": 34}",0.18058937909422138
0.77,0.77,0.15,1,10800,0.008,,,0.0025,8,True,50.0,0.0,158,73,-5.29218858540073,-0.2116875434160292,-1.7313940556551206,5.607915865837665,0.6576300541358276,-0.012106805058435303,-0.03349486446456157,0.4318400634309339,37,0,2416,"{""time_limit"": 124, ""stop_loss"": 34}",0.18058937909422138
0.77,0.77,0.15,1,10800,0.008,,0.003,,8,True,50.0,0.0,158,73,-5.29218858540073,-0.2116875434160292,-1.7313940556551206,5.607915865837665,0.6576300541358276,-0.012106805058435303,-0.03349486446456157,0.4318400634309339,37,0,2416,"{""time_limit"": 124, ""stop_loss"": 34}",0.18058937909422138
0.77,0.77,0.15,1,10800,0.008,,0.003,0.0015,8,True,50.0,0.0,193,105,-6.837029007372126,-0.27348116029488506,-3.1300431903403045,6.90203455698197,0.5129233652548905,0.009903142632402499,-0.035425020763586154,0.3496630231636178,45,0,2699,"{""profit_trailing"": 89, ""stop_loss"": 38, ""time_limit"": 66}",0.18058937909422138
0.77,0.77,0.15,1,10800,0.008,,0.003,0.0025,8,True,50.0,0.0,178,86,-5.468795445617679,-0.21875181782470715,-2.391229620848858,5.625330555439088,0.5887836031461813,-0.0033523536245853676,-0.030723569919200437,0.3640104963093013,41,0,2743,"{""profit_trailing"": 73, ""stop_loss"": 35, ""time_limit"": 70}",0.18058937909422138
0.77,0.77,0.15,1,10800,0.008,,0.005,,8,True,50.0,0.0,158,73,-5.29218858540073,-0.2116875434160292,-1.7313940556551206,5.607915865837665,0.6576300541358276,-0.012106805058435303,-0.03349486446456157,0.4318400634309339,37,0,2416,"{""time_limit"": 124, ""stop_loss"": 34}",0.18058937909422138
0.77,0.77,0.15,1,10800,0.008,,0.005,0.0015,8,True,50.0,0.0,167,86,-5.54766054992335,-0.221906421996934,-2.5046930980373574,5.618654670345968,0.5921677302368469,0.008779647619193337,-0.033219524251038024,0.37258122368843327,40,0,2465,"{""profit_trailing"": 53, ""stop_loss"": 37, ""time_limit"": 77}",0.18058937909422138
0.77,0.77,0.15,1,10800,0.008,,0.005,0.0025,8,True,50.0,0.0,166,86,-5.218353485171561,-0.20873413940686245,-2.2433809667776976,5.3096996129430405,0.6168973138108907,0.009132719232525132,-0.031435864368503375,0.38349285458080834,39,0,2535,"{""profit_trailing"": 50, ""stop_loss"": 37, ""time_limit"": 79}",0.18058937909422138
0.77,0.77,0.15,1,10800,0.012,,,,8,True,50.0,0.0,151,70,-4.169303688243198,-0.1667721475297279,-1.3758949284412854,4.817082014559588,0.7047702235783659,-0.01022021581768176,-0.027611282703597317,0.44148685129599213,35,0,2252,"{""time_limit"": 134, ""stop_loss"": 17}",0.18058937909422138
0.77,0.77,0.15,1,10800,0.012,,,0.0015,8,True,50.0,0.0,151,70,-4.169303688243198,-0.1667721475297279,-1.3758949284412854,4.817082014559588,0.7047702235783659,-0.01022021581768176,-0.027611282703597317,0.44148685129599213,35,0,2252,"{""time_limit"": 134, ""stop_loss"": 17}",0.18058937909422138
0.77,0.77,0.15,1,10800,0.012,,,0.0025,8,True,50.0,0.0,151,70,-4.169303688243198,-0.1667721475297279,-1.3758949284412854,4.817082014559588,0.7047702235783659,-0.01022021581768176,-0.027611282703597317,0.44148685129599213,35,0,2252,"{""time_limit"": 134, ""stop_loss"": 17}",0.18058937909422138
0.77,0.77,0.15,1,10800,0.012,,0.003,,8,True,50.0,0.0,151,70,-4.169303688243198,-0.1667721475297279,-1.3758949284412854,4.817082014559588,0.7047702235783659,-0.01022021581768176,-0.027611282703597317,0.44148685129599213,35,0,2252,"{""time_limit"": 134, ""stop_loss"": 17}",0.18058937909422138
0.77,0.77,0.15,1,10800,0.012,,0.003,0.0015,8,True,50.0,0.0,183,101,-7.965853473625585,-0.3186341389450234,-3.207049308342538,8.030859023235429,0.4568615183447139,0.009903142632402499,-0.04352925395423818,0.3627834097902626,43,0,2545,"{""profit_trailing"": 84, ""stop_loss"": 21, ""time_limit"": 78}",0.18058937909422138
0.77,0.77,0.15,1,10800,0.012,,0.003,0.0025,8,True,50.0,0.0,170,82,-6.21254525942039,-0.2485018103768156,-2.476250654524011,6.303891387191869,0.5448605581258951,-0.0033523536245853676,-0.036544383878943466,0.3801514035981952,39,0,2551,"{""profit_trailing"": 67, ""stop_loss"": 18, ""time_limit"": 85}",0.18058937909422138
0.77,0.77,0.15,1,10800,0.012,,0.005,,8,True,50.0,0.0,151,70,-4.169303688243198,-0.1667721475297279,-1.3758949284412854,4.817082014559588,0.7047702235783659,-0.01022021581768176,-0.027611282703597317,0.44148685129599213,35,0,2252,"{""time_limit"": 134, ""stop_loss"": 17}",0.18058937909422138
0.77,0.77,0.15,1,10800,0.012,,0.005,0.0015,8,True,50.0,0.0,161,83,-6.595203159068312,-0.2638081263627325,-2.6090091649173046,6.66619727949093,0.5444780652026815,0.008779647619193337,-0.0409639947768218,0.3857960015857734,38,0,2320,"{""profit_trailing"": 51, ""stop_loss"": 21, ""time_limit"": 89}",0.18058937909422138
0.77,0.77,0.15,1,10800,0.012,,0.005,0.0025,8,True,50.0,0.0,160,82,-6.150681088444906,-0.24602724353779626,-2.3718448339433276,6.2420272162163855,0.5721297355212471,0.0070573362123003275,-0.03844175680278065,0.3993317098034774,37,0,2313,"{""profit_trailing"": 47, ""stop_loss"": 21, ""time_limit"": 92}",0.18058937909422138
0.7835,0.7835,0.15,1,5400,0.005,,,,8,True,50.0,0.0,94,41,-2.0204001146149277,-0.0808160045845971,-1.7698214655112552,2.3104742612745612,0.5925426227394202,-0.015764821447902658,-0.021493618240584354,0.13937815030865947,16,0,1545,"{""stop_loss"": 20, ""time_limit"": 74}",0.06877347982858545
0.7835,0.7835,0.15,1,5400,0.005,,,0.0015,8,True,50.0,0.0,94,41,-2.0204001146149277,-0.0808160045845971,-1.7698214655112552,2.3104742612745612,0.5925426227394202,-0.015764821447902658,-0.021493618240584354,0.13937815030865947,16,0,1545,"{""stop_loss"": 20, ""time_limit"": 74}",0.06877347982858545
0.7835,0.7835,0.15,1,5400,0.005,,,0.0025,8,True,50.0,0.0,94,41,-2.0204001146149277,-0.0808160045845971,-1.7698214655112552,2.3104742612745612,0.5925426227394202,-0.015764821447902658,-0.021493618240584354,0.13937815030865947,16,0,1545,"{""stop_loss"": 20, ""time_limit"": 74}",0.06877347982858545
0.7835,0.7835,0.15,1,5400,0.005,,0.003,,8,True,50.0,0.0,94,41,-2.0204001146149277,-0.0808160045845971,-1.7698214655112552,2.3104742612745612,0.5925426227394202,-0.015764821447902658,-0.021493618240584354,0.13937815030865947,16,0,1545,"{""stop_loss"": 20, ""time_limit"": 74}",0.06877347982858545
0.7835,0.7835,0.15,1,5400,0.005,,0.003,0.0015,8,True,50.0,0.0,99,46,-2.2683009272800563,-0.09073203709120226,-2.2069073708686755,2.468839943861923,0.528252252546746,-0.007534241668044469,-0.022912130578586435,0.12240659983764701,17,0,1608,"{""stop_loss"": 20, ""profit_trailing"": 27, ""time_limit"": 52}",0.06877347982858545
0.7835,0.7835,0.15,1,5400,0.005,,0.003,0.0025,8,True,50.0,0.0,97,42,-1.8397222095195076,-0.0735888883807803,-1.526540527794276,2.0564203290346597,0.6168423085820063,-0.01115267221764044,-0.018966208345561942,0.12761699798002682,17,0,1616,"{""stop_loss"": 19, ""profit_trailing"": 21, ""time_limit"": 57}",0.06877347982858545
0.7835,0.7835,0.15,1,5400,0.005,,0.005,,8,True,50.0,0.0,94,41,-2.0204001146149277,-0.0808160045845971,-1.7698214655112552,2.3104742612745612,0.5925426227394202,-0.015764821447902658,-0.021493618240584354,0.13937815030865947,16,0,1545,"{""stop_loss"": 20, ""time_limit"": 74}",0.06877347982858545
0.7835,0.7835,0.15,1,5400,0.005,,0.005,0.0015,8,True,50.0,0.0,95,42,-2.205217651292287,-0.08820870605169148,-2.0473983907275506,2.405756667874153,0.5671214728060394,-0.01618678777669528,-0.023212817382024072,0.1341111174038625,17,0,1569,"{""stop_loss"": 21, ""profit_trailing"": 8, ""time_limit"": 66}",0.06877347982858545
0.7835,0.7835,0.15,1,5400,0.005,,0.005,0.0025,8,True,50.0,0.0,95,42,-1.9350277001990053,-0.07740110800796021,-1.5666982706053667,2.1510952365730494,0.6201590620994718,-0.01618678777669528,-0.020368712633673753,0.1362254818674369,17,0,1565,"{""stop_loss"": 21, ""profit_trailing"": 8, ""time_limit"": 66}",0.06877347982858545
0.7835,0.7835,0.15,1,5400,0.008,,,,8,True,50.0,0.0,91,42,-1.9174747116581845,-0.07669898846632738,-1.31500025047532,2.207548858317818,0.6258424695448196,-0.007534241668044469,-0.021071150677562475,0.14515489607521095,15,0,1479,"{""time_limit"": 85, ""stop_loss"": 6}",0.06877347982858545
0.7835,0.7835,0.15,1,5400,0.008,,,0.0015,8,True,50.0,0.0,91,42,-1.9174747116581845,-0.07669898846632738,-1.31500025047532,2.207548858317818,0.6258424695448196,-0.007534241668044469,-0.021071150677562475,0.14515489607521095,15,0,1479,"{""time_limit"": 85, ""stop_loss"": 6}",0.06877347982858545
0.7835,0.7835,0.15,1,5400,0.008,,,0.0025,8,True,50.0,0.0,91,42,-1.9174747116581845,-0.07669898846632738,-1.31500025047532,2.207548858317818,0.6258424695448196,-0.007534241668044469,-0.021071150677562475,0.14515489607521095,15,0,1479,"{""time_limit"": 85, ""stop_loss"": 6}",0.06877347982858545
0.7835,0.7835,0.15,1,5400,0.008,,0.003,,8,True,50.0,0.0,91,42,-1.9174747116581845,-0.07669898846632738,-1.31500025047532,2.207548858317818,0.6258424695448196,-0.007534241668044469,-0.021071150677562475,0.14515489607521095,15,0,1479,"{""time_limit"": 85, ""stop_loss"": 6}",0.06877347982858545
0.7835,0.7835,0.15,1,5400,0.008,,0.003,0.0015,8,True,50.0,0.0,97,48,-2.398956250050911,-0.09595825000203645,-1.714447646183258,2.5803239466587633,0.5397761047640233,-0.0022970004391096796,-0.02473150773248362,0.12993902323913084,15,0,1529,"{""time_limit"": 64, ""profit_trailing"": 26, ""stop_loss"": 7}",0.06877347982858545
0.7835,0.7835,0.15,1,5400,0.008,,0.003,0.0025,8,True,50.0,0.0,95,43,-2.0554075372018654,-0.08221630148807461,-1.3348889332762357,2.252934336743003,0.6129546105497632,-0.008795571915459391,-0.02163586881265122,0.13422438692869684,16,0,1542,"{""time_limit"": 68, ""profit_trailing"": 20, ""stop_loss"": 7}",0.06877347982858545
0.7835,0.7835,0.15,1,5400,0.008,,0.005,,8,True,50.0,0.0,91,42,-1.9174747116581845,-0.07669898846632738,-1.31500025047532,2.207548858317818,0.6258424695448196,-0.007534241668044469,-0.021071150677562475,0.14515489607521095,15,0,1479,"{""time_limit"": 85, ""stop_loss"": 6}",0.06877347982858545
0.7835,0.7835,0.15,1,5400,0.008,,0.005,0.0015,8,True,50.0,0.0,92,43,-2.1214635683095575,-0.0848585427323823,-1.5046123957469022,2.3028312649174096,0.598185230100174,-0.007585725968770695,-0.023059386612060414,0.14077514111494968,16,0,1484,"{""time_limit"": 78, ""profit_trailing"": 8, ""stop_loss"": 6}",0.06877347982858545
0.7835,0.7835,0.15,1,5400,0.008,,0.005,0.0025,8,True,50.0,0.0,92,43,-1.8512736172162767,-0.07405094468865107,-1.2067637404189093,2.048169833616307,0.6493604256819205,-0.007585725968770695,-0.020122539317568227,0.1428895055785241,16,0,1480,"{""time_limit"": 78, ""profit_trailing"": 8, ""stop_loss"": 6}",0.06877347982858545
0.7835,0.7835,0.15,1,5400,0.012,,,,8,True,50.0,0.0,91,42,-1.8224555060110543,-0.07289822024044218,-1.2472669286244629,2.1946400075985992,0.6376655097992455,-0.007534241668044469,-0.02002698358253906,0.14791112117951333,15,0,1465,"{""time_limit"": 88, ""stop_loss"": 3}",0.06877347982858545
0.7835,0.7835,0.15,1,5400,0.012,,,0.0015,8,True,50.0,0.0,91,42,-1.8224555060110543,-0.07289822024044218,-1.2472669286244629,2.1946400075985992,0.6376655097992455,-0.007534241668044469,-0.02002698358253906,0.14791112117951333,15,0,1465,"{""time_limit"": 88, ""stop_loss"": 3}",0.06877347982858545
0.7835,0.7835,0.15,1,5400,0.012,,,0.0025,8,True,50.0,0.0,91,42,-1.8224555060110543,-0.07289822024044218,-1.2472669286244629,2.1946400075985992,0.6376655097992455,-0.007534241668044469,-0.02002698358253906,0.14791112117951333,15,0,1465,"{""time_limit"": 88, ""stop_loss"": 3}",0.06877347982858545
0.7835,0.7835,0.15,1,5400,0.012,,0.003,,8,True,50.0,0.0,91,42,-1.8224555060110543,-0.07289822024044218,-1.2472669286244629,2.1946400075985992,0.6376655097992455,-0.007534241668044469,-0.02002698358253906,0.14791112117951333,15,0,1465,"{""time_limit"": 88, ""stop_loss"": 3}",0.06877347982858545
0.7835,0.7835,0.15,1,5400,0.012,,0.003,0.0015,8,True,50.0,0.0,97,48,-2.342392846510956,-0.09369571386043823,-1.6600280014555238,2.533046663196928,0.5456976417614453,-0.0022970004391096796,-0.02414837986093769,0.13277076135998941,15,0,1515,"{""time_limit"": 67, ""profit_trailing"": 26, ""stop_loss"": 4}",0.06877347982858545
0.7835,0.7835,0.15,1,5400,0.012,,0.003,0.0025,8,True,50.0,0.0,95,43,-1.9988441336619096,-0.07995376534647639,-1.289264292719711,2.196370933203047,0.6195536144132124,-0.008795571915459391,-0.02104046456486221,0.13705612504955542,16,0,1528,"{""time_limit"": 71, ""profit_trailing"": 20, ""stop_loss"": 4}",0.06877347982858545
0.7835,0.7835,0.15,1,5400,0.012,,0.005,,8,True,50.0,0.0,91,42,-1.8224555060110543,-0.07289822024044218,-1.2472669286244629,2.1946400075985992,0.6376655097992455,-0.007534241668044469,-0.02002698358253906,0.14791112117951333,15,0,1465,"{""time_limit"": 88, ""stop_loss"": 3}",0.06877347982858545
0.7835,0.7835,0.15,1,5400,0.012,,0.005,0.0015,8,True,50.0,0.0,92,43,-2.0264443626624264,-0.08105777450649705,-1.4339251909137531,2.310168305519447,0.6091481089346408,-0.007585725968770695,-0.02202656915937421,0.14353136621925205,16,0,1470,"{""time_limit"": 81, ""profit_trailing"": 8, ""stop_loss"": 3}",0.06877347982858545
0.7835,0.7835,0.15,1,5400,0.012,,0.005,0.0025,8,True,50.0,0.0,92,43,-1.7562544115691459,-0.07025017646276584,-1.142742079410676,1.9734692481038039,0.6612611870321408,-0.007585725968770695,-0.019089721864882028,0.14564573068282646,16,0,1466,"{""time_limit"": 81, ""profit_trailing"": 8, ""stop_loss"": 3}",0.06877347982858545
0.7835,0.7835,0.15,1,10800,0.005,,,,8,True,50.0,0.0,80,31,-2.7357320556172193,-0.10942928222468877,-2.0719733532743554,3.431862239663919,0.5420222354306297,-0.03658954309187523,-0.03419665069521524,0.1994109984708614,15,0,1279,"{""stop_loss"": 27, ""time_limit"": 53}",0.06877347982858545
0.7835,0.7835,0.15,1,10800,0.005,,,0.0015,8,True,50.0,0.0,80,31,-2.7357320556172193,-0.10942928222468877,-2.0719733532743554,3.431862239663919,0.5420222354306297,-0.03658954309187523,-0.03419665069521524,0.1994109984708614,15,0,1279,"{""stop_loss"": 27, ""time_limit"": 53}",0.06877347982858545
0.7835,0.7835,0.15,1,10800,0.005,,,0.0025,8,True,50.0,0.0,80,31,-2.7357320556172193,-0.10942928222468877,-2.0719733532743554,3.431862239663919,0.5420222354306297,-0.03658954309187523,-0.03419665069521524,0.1994109984708614,15,0,1279,"{""stop_loss"": 27, ""time_limit"": 53}",0.06877347982858545
0.7835,0.7835,0.15,1,10800,0.005,,0.003,,8,True,50.0,0.0,80,31,-2.7357320556172193,-0.10942928222468877,-2.0719733532743554,3.431862239663919,0.5420222354306297,-0.03658954309187523,-0.03419665069521524,0.1994109984708614,15,0,1279,"{""stop_loss"": 27, ""time_limit"": 53}",0.06877347982858545
0.7835,0.7835,0.15,1,10800,0.005,,0.003,0.0015,8,True,50.0,0.0,89,48,-2.899994679809238,-0.11599978719236953,-2.490775992727799,3.4715489850352634,0.4767647409182047,0.004979324597168199,-0.03258420988549706,0.152762832493251,16,0,1420,"{""stop_loss"": 26, ""profit_trailing"": 34, ""time_limit"": 29}",0.06877347982858545
0.7835,0.7835,0.15,1,10800,0.005,,0.003,0.0025,8,True,50.0,0.0,86,41,-2.3428416832680337,-0.09371366733072134,-1.8047739208038605,3.0413614733786707,0.5565378739499826,-0.009974122066549915,-0.02724234515427945,0.16101262955201903,16,0,1455,"{""stop_loss"": 24, ""profit_trailing"": 31, ""time_limit"": 31}",0.06877347982858545
0.7835,0.7835,0.15,1,10800,0.005,,0.005,,8,True,50.0,0.0,80,31,-2.7357320556172193,-0.10942928222468877,-2.0719733532743554,3.431862239663919,0.5420222354306297,-0.03658954309187523,-0.03419665069521524,0.1994109984708614,15,0,1279,"{""stop_loss"": 27, ""time_limit"": 53}",0.06877347982858545
0.7835,0.7835,0.15,1,10800,0.005,,0.005,0.0015,8,True,50.0,0.0,81,36,-2.9007860797080336,-0.11603144318832134,-2.484552579831878,3.4723403849340584,0.4975130385715603,-0.022676945801224264,-0.03581217382355596,0.17366105982518737,16,0,1360,"{""stop_loss"": 27, ""profit_trailing"": 17, ""time_limit"": 37}",0.06877347982858545
0.7835,0.7835,0.15,1,10800,0.005,,0.005,0.0025,8,True,50.0,0.0,81,36,-2.6381279407672023,-0.10552511763068809,-1.9968187201291314,3.336647730877839,0.5430118401047331,-0.022676945801224264,-0.03256948075021238,0.17981537067452003,16,0,1355,"{""stop_loss"": 27, ""profit_trailing"": 15, ""time_limit"": 39}",0.06877347982858545
0.7835,0.7835,0.15,1,10800,0.008,,,,8,True,50.0,0.0,74,33,-1.988522032825721,-0.07954088131302883,-1.3198815001251782,2.6755207299883312,0.6481121395699067,-0.01762456918036496,-0.02687191936250973,0.2119084027109173,14,0,1206,"{""stop_loss"": 14, ""time_limit"": 60}",0.06877347982858545
0.7835,0.7835,0.15,1,10800,0.008,,,0.0015,8,True,50.0,0.0,74,33,-1.988522032825721,-0.07954088131302883,-1.3198815001251782,2.6755207299883312,0.6481121395699067,-0.01762456918036496,-0.02687191936250973,0.2119084027109173,14,0,1206,"{""stop_loss"": 14, ""time_limit"": 60}",0.06877347982858545
0.7835,0.7835,0.15,1,10800,0.008,,,0.0025,8,True,50.0,0.0,74,33,-1.988522032825721,-0.07954088131302883,-1.3198815001251782,2.6755207299883312,0.6481121395699067,-0.01762456918036496,-0.02687191936250973,0.2119084027109173,14,0,1206,"{""stop_loss"": 14, ""time_limit"": 60}",0.06877347982858545
0.7835,0.7835,0.15,1,10800,0.008,,0.003,,8,True,50.0,0.0,74,33,-1.988522032825721,-0.07954088131302883,-1.3198815001251782,2.6755207299883312,0.6481121395699067,-0.01762456918036496,-0.02687191936250973,0.2119084027109173,14,0,1206,"{""stop_loss"": 14, ""time_limit"": 60}",0.06877347982858545
0.7835,0.7835,0.15,1,10800,0.008,,0.003,0.0015,8,True,50.0,0.0,83,47,-2.9826653603001114,-0.11930661441200446,-1.9149734007785482,3.5780119660720286,0.5036949196658093,0.008927591217169087,-0.03593572723253146,0.16845066168280756,16,0,1325,"{""stop_loss"": 13, ""profit_trailing"": 34, ""time_limit"": 36}",0.06877347982858545
0.7835,0.7835,0.15,1,10800,0.008,,0.003,0.0025,8,True,50.0,0.0,81,40,-2.0043416155081735,-0.08017366462032693,-1.3634413247376855,2.7266537061647025,0.627494730820052,-0.007722938947250097,-0.02474495821615028,0.17632289365879444,15,0,1337,"{""stop_loss"": 14, ""profit_trailing"": 30, ""time_limit"": 37}",0.06877347982858545
0.7835,0.7835,0.15,1,10800,0.008,,0.005,,8,True,50.0,0.0,74,33,-1.988522032825721,-0.07954088131302883,-1.3198815001251782,2.6755207299883312,0.6481121395699067,-0.01762456918036496,-0.02687191936250973,0.2119084027109173,14,0,1206,"{""stop_loss"": 14, ""time_limit"": 60}",0.06877347982858545
0.7835,0.7835,0.15,1,10800,0.008,,0.005,0.0015,8,True,50.0,0.0,75,38,-2.2890374853259154,-0.09156149941303662,-1.6344345907176712,2.8843840910978327,0.5910440189080591,0.004979324597168199,-0.030520499804345534,0.18940552377716108,15,0,1244,"{""stop_loss"": 14, ""profit_trailing"": 17, ""time_limit"": 44}",0.06877347982858545
0.7835,0.7835,0.15,1,10800,0.008,,0.005,0.0025,8,True,50.0,0.0,75,38,-1.9893897921990242,-0.07957559168796097,-1.2982378167905786,2.7117018828555532,0.6445786233477926,0.004979324597168199,-0.02652519722932031,0.19535217383096412,15,0,1239,"{""stop_loss"": 14, ""profit_trailing"": 15, ""time_limit"": 46}",0.06877347982858545
0.7835,0.7835,0.15,1,10800,0.012,,,,8,True,50.0,0.0,74,33,-2.365236343056542,-0.09460945372226169,-1.3704583243867765,3.066928448817235,0.6076071197090521,-0.01762456918036496,-0.03196265328454787,0.2231975986860735,14,0,1162,"{""time_limit"": 68, ""stop_loss"": 6}",0.06877347982858545
0.7835,0.7835,0.15,1,10800,0.012,,,0.0015,8,True,50.0,0.0,74,33,-2.365236343056542,-0.09460945372226169,-1.3704583243867765,3.066928448817235,0.6076071197090521,-0.01762456918036496,-0.03196265328454787,0.2231975986860735,14,0,1162,"{""time_limit"": 68, ""stop_loss"": 6}",0.06877347982858545
0.7835,0.7835,0.15,1,10800,0.012,,,0.0025,8,True,50.0,0.0,74,33,-2.365236343056542,-0.09460945372226169,-1.3704583243867765,3.066928448817235,0.6076071197090521,-0.01762456918036496,-0.03196265328454787,0.2231975986860735,14,0,1162,"{""time_limit"": 68, ""stop_loss"": 6}",0.06877347982858545
0.7835,0.7835,0.15,1,10800,0.012,,0.003,,8,True,50.0,0.0,74,33,-2.365236343056542,-0.09460945372226169,-1.3704583243867765,3.066928448817235,0.6076071197090521,-0.01762456918036496,-0.03196265328454787,0.2231975986860735,14,0,1162,"{""time_limit"": 68, ""stop_loss"": 6}",0.06877347982858545
0.7835,0.7835,0.15,1,10800,0.012,,0.003,0.0015,8,True,50.0,0.0,83,47,-2.623768930344739,-0.10495075721378956,-1.682397373351329,3.2572180344296697,0.538300042592502,0.008927591217169087,-0.03161167385957518,0.17949444035415604,16,0,1282,"{""time_limit"": 43, ""profit_trailing"": 34, ""stop_loss"": 6}",0.06877347982858545
0.7835,0.7835,0.15,1,10800,0.012,,0.003,0.0025,8,True,50.0,0.0,81,40,-2.515699556869464,-0.10062798227477857,-1.42624673499054,3.3044988023925512,0.5730359917041136,-0.007722938947250097,-0.03105801922061066,0.18817843725812236,15,0,1302,"{""time_limit"": 44, ""profit_trailing"": 31, ""stop_loss"": 6}",0.06877347982858545
0.7835,0.7835,0.15,1,10800,0.012,,0.005,,8,True,50.0,0.0,74,33,-2.365236343056542,-0.09460945372226169,-1.3704583243867765,3.066928448817235,0.6076071197090521,-0.01762456918036496,-0.03196265328454787,0.2231975986860735,14,0,1162,"{""time_limit"": 68, ""stop_loss"": 6}",0.06877347982858545
0.7835,0.7835,0.15,1,10800,0.012,,0.005,0.0015,8,True,50.0,0.0,75,38,-2.595469611489611,-0.10381878445958444,-1.5984224086071348,3.190816217261528,0.5603658379268864,0.004979324597168199,-0.03460626148652815,0.20071359800645636,15,0,1200,"{""time_limit"": 52, ""stop_loss"": 6, ""profit_trailing"": 17}",0.06877347982858545
0.7835,0.7835,0.15,1,10800,0.012,,0.005,0.0025,8,True,50.0,0.0,75,38,-2.2958219183627206,-0.09183287673450882,-1.31981546192499,3.0181340090192497,0.6111217249932644,0.004979324597168199,-0.03061095891150293,0.2066602480602594,15,0,1195,"{""time_limit"": 54, ""stop_loss"": 6, ""profit_trailing"": 15}",0.06877347982858545
