entry_threshold,exit_threshold,exit_prob_drop,min_hold_bars,max_hold_seconds,stop_loss_pct,take_profit_pct,profit_trailing_start_pct,profit_trailing_stop_pct,max_spread_bps,disable_prob_exits,trades,wins,pnl,pnl_perc,sharpe,max_drawdown,profit_factor,median_trade,avg_trade,fraction_time_in_position,skipped_spread,skipped_sizing,skipped_other,exit_reasons,coverage
0.64,0.64,0.15,1,5400,0.005,,,,8,True,1130,561,-11.106187208123758,-0.4442474883249503,-2.982763943589316,16.703162970266433,0.7835624360563368,-0.00053521150528359,-0.009828484254976769,0.4127589285714286,209,0,0,"{""time_limit"": 945, ""stop_loss"": 185}",0.13733482142857142
0.64,0.64,0.15,1,5400,0.005,,,0.0015,8,True,1130,561,-11.106187208123758,-0.4442474883249503,-2.982763943589316,16.703162970266433,0.7835624360563368,-0.00053521150528359,-0.009828484254976769,0.4127589285714286,209,0,0,"{""time_limit"": 945, ""stop_loss"": 185}",0.13733482142857142
0.64,0.64,0.15,1,5400,0.005,,,0.0025,8,True,1130,561,-11.106187208123758,-0.4442474883249503,-2.982763943589316,16.703162970266433,0.7835624360563368,-0.00053521150528359,-0.009828484254976769,0.4127589285714286,209,0,0,"{""time_limit"": 945, ""stop_loss"": 185}",0.13733482142857142
0.64,0.64,0.15,1,5400,0.005,,0.003,,8,True,1130,561,-11.106187208123758,-0.4442474883249503,-2.982763943589316,16.703162970266433,0.7835624360563368,-0.00053521150528359,-0.009828484254976769,0.4127589285714286,209,0,0,"{""time_limit"": 945, ""stop_loss"": 185}",0.13733482142857142
0.64,0.64,0.15,1,5400,0.005,,0.003,0.0015,8,True,1289,723,-14.068798324129276,-0.562751932965171,-3.9107216815521846,17.109270123897787,0.7395756980358558,0.011083721906793801,-0.010914506069921863,0.38873214285714286,256,0,0,"{""profit_trailing"": 439, ""time_limit"": 647, ""stop_loss"": 203}",0.13733482142857142
0.64,0.64,0.15,1,5400,0.005,,0.003,0.0025,8,True,1239,637,-11.861742875461559,-0.47446971501846236,-3.19183282386098,17.103180308523434,0.7756716614478619,0.0021590049769804817,-0.00957364235307632,0.4015625,260,0,0,"{""time_limit"": 727, ""stop_loss"": 199, ""profit_trailing"": 313}",0.13733482142857142
0.64,0.64,0.15,1,5400,0.005,,0.005,,8,True,1130,561,-11.106187208123758,-0.4442474883249503,-2.982763943589316,16.703162970266433,0.7835624360563368,-0.00053521150528359,-0.009828484254976769,0.4127589285714286,209,0,0,"{""time_limit"": 945, ""stop_loss"": 185}",0.13733482142857142
0.64,0.64,0.15,1,5400,0.005,,0.005,0.0015,8,True,1183,609,-11.097300211691245,-0.4438920084676498,-3.011889886579763,16.402453687461076,0.7915421536619017,0.0027671493182760843,-0.009380642613432993,0.40173214285714287,245,0,0,"{""profit_trailing"": 185, ""time_limit"": 802, ""stop_loss"": 196}",0.13733482142857142
0.64,0.64,0.15,1,5400,0.005,,0.005,0.0025,8,True,1169,601,-11.428686893082254,-0.4571474757232902,-3.0555103840492124,17.394195545535553,0.7842602114612435,0.002604620137870951,-0.00977646440811142,0.4058839285714286,237,0,0,"{""time_limit"": 829, ""stop_loss"": 197, ""profit_trailing"": 143}",0.13733482142857142
0.64,0.64,0.15,1,5400,0.008,,,,8,True,1066,549,-6.013563837304368,-0.2405425534921747,-1.633989540561495,13.374047068150652,0.8625660390734186,0.0026112331860567327,-0.005641241873643873,0.41620089285714285,164,0,0,"{""time_limit"": 1000, ""stop_loss"": 66}",0.13733482142857142
0.64,0.64,0.15,1,5400,0.008,,,0.0015,8,True,1066,549,-6.013563837304368,-0.2405425534921747,-1.633989540561495,13.374047068150652,0.8625660390734186,0.0026112331860567327,-0.005641241873643873,0.41620089285714285,164,0,0,"{""time_limit"": 1000, ""stop_loss"": 66}",0.13733482142857142
0.64,0.64,0.15,1,5400,0.008,,,0.0025,8,True,1066,549,-6.013563837304368,-0.2405425534921747,-1.633989540561495,13.374047068150652,0.8625660390734186,0.0026112331860567327,-0.005641241873643873,0.41620089285714285,164,0,0,"{""time_limit"": 1000, ""stop_loss"": 66}",0.13733482142857142
0.64,0.64,0.15,1,5400,0.008,,0.003,,8,True,1066,549,-6.013563837304368,-0.2405425534921747,-1.633989540561495,13.374047068150652,0.8625660390734186,0.0026112331860567327,-0.005641241873643873,0.41620089285714285,164,0,0,"{""time_limit"": 1000, ""stop_loss"": 66}",0.13733482142857142
0.64,0.64,0.15,1,5400,0.008,,0.003,0.0015,8,True,1182,663,-8.171184062295318,-0.3268473624918127,-2.3166120633203033,13.548316207000212,0.8206897684964968,0.011410495893524258,-0.006913015281129713,0.3915,202,0,0,"{""profit_trailing"": 381, ""time_limit"": 724, ""stop_loss"": 77}",0.13733482142857142
0.64,0.64,0.15,1,5400,0.008,,0.003,0.0025,8,True,1148,597,-7.164248565818375,-0.286569942632735,-1.9727357296911567,13.957647106860984,0.8411025075391302,0.0031247613589383935,-0.00624063463921462,0.4038348214285714,206,0,0,"{""time_limit"": 802, ""profit_trailing"": 271, ""stop_loss"": 75}",0.13733482142857142
0.64,0.64,0.15,1,5400,0.008,,0.005,,8,True,1066,549,-6.013563837304368,-0.2405425534921747,-1.633989540561495,13.374047068150652,0.8625660390734186,0.0026112331860567327,-0.005641241873643873,0.41620089285714285,164,0,0,"{""time_limit"": 1000, ""stop_loss"": 66}",0.13733482142857142
0.64,0.64,0.15,1,5400,0.008,,0.005,0.0015,8,True,1103,579,-5.360716675708167,-0.21442866702832666,-1.4929150625238112,12.405211546725099,0.8800645755620322,0.00544066007222384,-0.0048601239127000605,0.40515625,190,0,0,"{""profit_trailing"": 161, ""time_limit"": 873, ""stop_loss"": 69}",0.13733482142857142
0.64,0.64,0.15,1,5400,0.008,,0.005,0.0025,8,True,1093,573,-5.293939595690046,-0.21175758382760182,-1.4492361938123135,12.736738780761009,0.8801512824227475,0.005336491648568545,-0.004843494598069584,0.40828125,191,0,0,"{""time_limit"": 896, ""profit_trailing"": 127, ""stop_loss"": 70}",0.13733482142857142
0.64,0.64,0.15,1,5400,0.012,,,,8,True,1051,542,-5.37677914694494,-0.2150711658777976,-1.4783581179704164,12.647555953602684,0.8719466789926312,0.002844667537267683,-0.005115869787768743,0.4179285714285714,144,0,0,"{""time_limit"": 1026, ""stop_loss"": 25}",0.13733482142857142
0.64,0.64,0.15,1,5400,0.012,,,0.0015,8,True,1051,542,-5.37677914694494,-0.2150711658777976,-1.4783581179704164,12.647555953602684,0.8719466789926312,0.002844667537267683,-0.005115869787768743,0.4179285714285714,144,0,0,"{""time_limit"": 1026, ""stop_loss"": 25}",0.13733482142857142
0.64,0.64,0.15,1,5400,0.012,,,0.0025,8,True,1051,542,-5.37677914694494,-0.2150711658777976,-1.4783581179704164,12.647555953602684,0.8719466789926312,0.002844667537267683,-0.005115869787768743,0.4179285714285714,144,0,0,"{""time_limit"": 1026, ""stop_loss"": 25}",0.13733482142857142
0.64,0.64,0.15,1,5400,0.012,,0.003,,8,True,1051,542,-5.37677914694494,-0.2150711658777976,-1.4783581179704164,12.647555953602684,0.8719466789926312,0.002844667537267683,-0.005115869787768743,0.4179285714285714,144,0,0,"{""time_limit"": 1026, ""stop_loss"": 25}",0.13733482142857142
0.64,0.64,0.15,1,5400,0.012,,0.003,0.0015,8,True,1160,659,-6.312407667952315,-0.2524963067180926,-1.7539013881166334,12.026736392927056,0.8538115182395831,0.01277675748207912,-0.005441730748234761,0.39427232142857144,175,0,0,"{""profit_trailing"": 374, ""time_limit"": 757, ""stop_loss"": 29}",0.13733482142857142
0.64,0.64,0.15,1,5400,0.012,,0.003,0.0025,8,True,1130,595,-5.802107725521231,-0.23208430902084923,-1.5620835442293735,12.47874041611611,0.8653044846400291,0.003964286966175525,-0.005134608606655966,0.40675446428571427,179,0,0,"{""time_limit"": 834, ""profit_trailing"": 267, ""stop_loss"": 29}",0.13733482142857142
0.64,0.64,0.15,1,5400,0.012,,0.005,,8,True,1051,542,-5.37677914694494,-0.2150711658777976,-1.4783581179704164,12.647555953602684,0.8719466789926312,0.002844667537267683,-0.005115869787768743,0.4179285714285714,144,0,0,"{""time_limit"": 1026, ""stop_loss"": 25}",0.13733482142857142
0.64,0.64,0.15,1,5400,0.012,,0.005,0.0015,8,True,1090,575,-4.054042715709003,-0.16216170862836013,-1.1223703399523157,11.748140750250569,0.9053790237261196,0.005952040231835921,-0.00371930524376973,0.408,172,0,0,"{""profit_trailing"": 158, ""time_limit"": 906, ""stop_loss"": 26}",0.13733482142857142
0.64,0.64,0.15,1,5400,0.012,,0.005,0.0025,8,True,1079,570,-4.785414357109029,-0.19141657428436115,-1.3043205823418396,12.431906042717419,0.8873697020136896,0.006098817837252072,-0.004435045743381868,0.41083035714285715,175,0,0,"{""time_limit"": 930, ""profit_trailing"": 123, ""stop_loss"": 26}",0.13733482142857142
0.64,0.64,0.15,1,10800,0.005,,,,8,True,762,402,-4.094058928816496,-0.16376235715265985,-1.0390334250764104,13.920025207312458,0.9085523962486507,0.009955294654443076,-0.005372780746478351,0.5175580357142857,187,0,0,"{""time_limit"": 566, ""stop_loss"": 196}",0.13733482142857142
0.64,0.64,0.15,1,10800,0.005,,,0.0015,8,True,762,402,-4.094058928816496,-0.16376235715265985,-1.0390334250764104,13.920025207312458,0.9085523962486507,0.009955294654443076,-0.005372780746478351,0.5175580357142857,187,0,0,"{""time_limit"": 566, ""stop_loss"": 196}",0.13733482142857142
0.64,0.64,0.15,1,10800,0.005,,,0.0025,8,True,762,402,-4.094058928816496,-0.16376235715265985,-1.0390334250764104,13.920025207312458,0.9085523962486507,0.009955294654443076,-0.005372780746478351,0.5175580357142857,187,0,0,"{""time_limit"": 566, ""stop_loss"": 196}",0.13733482142857142
0.64,0.64,0.15,1,10800,0.005,,0.003,,8,True,762,402,-4.094058928816496,-0.16376235715265985,-1.0390334250764104,13.920025207312458,0.9085523962486507,0.009955294654443076,-0.005372780746478351,0.5175580357142857,187,0,0,"{""time_limit"": 566, ""stop_loss"": 196}",0.13733482142857142
0.64,0.64,0.15,1,10800,0.005,,0.003,0.0015,8,True,1042,653,-9.315039953460492,-0.37260159813841964,-2.491673307929752,16.35455412250826,0.8175957654729755,0.02350864259544543,-0.008939577690461128,0.4445357142857143,253,0,0,"{""profit_trailing"": 560, ""time_limit"": 244, ""stop_loss"": 238}",0.13733482142857142
0.64,0.64,0.15,1,10800,0.005,,0.003,0.0025,8,True,976,558,-7.559483192759944,-0.30237932771039777,-1.9851770326644804,15.598463771816405,0.8420923264826603,0.011070818046172368,-0.007745372123729459,0.46560267857142856,252,0,0,"{""profit_trailing"": 465, ""time_limit"": 296, ""stop_loss"": 215}",0.13733482142857142
0.64,0.64,0.15,1,10800,0.005,,0.005,,8,True,762,402,-4.094058928816496,-0.16376235715265985,-1.0390334250764104,13.920025207312458,0.9085523962486507,0.009955294654443076,-0.005372780746478351,0.5175580357142857,187,0,0,"{""time_limit"": 566, ""stop_loss"": 196}",0.13733482142857142
0.64,0.64,0.15,1,10800,0.005,,0.005,0.0015,8,True,882,504,-3.8758152009918323,-0.15503260803967328,-0.9982964146251768,13.962055405267018,0.9215629013615769,0.025078972761251796,-0.004394348300444249,0.4748348214285714,235,0,0,"{""profit_trailing"": 298, ""time_limit"": 358, ""stop_loss"": 226}",0.13733482142857142
0.64,0.64,0.15,1,10800,0.005,,0.005,0.0025,8,True,858,493,-4.028466354329009,-0.16113865417316034,-1.0297982623132549,13.834511561577985,0.916153289528233,0.025078972761251796,-0.004695182231152699,0.4859375,232,0,0,"{""profit_trailing"": 247, ""time_limit"": 393, ""stop_loss"": 218}",0.13733482142857142
0.64,0.64,0.15,1,10800,0.008,,,,8,True,679,381,1.8864004220001291,0.07545601688000517,0.4743355353087057,10.25048978600904,1.052504731220553,0.015682030555005468,0.002778203861561315,0.5146875,141,0,0,"{""time_limit"": 602, ""stop_loss"": 77}",0.13733482142857142
0.64,0.64,0.15,1,10800,0.008,,,0.0015,8,True,679,381,1.8864004220001291,0.07545601688000517,0.4743355353087057,10.25048978600904,1.052504731220553,0.015682030555005468,0.002778203861561315,0.5146875,141,0,0,"{""time_limit"": 602, ""stop_loss"": 77}",0.13733482142857142
0.64,0.64,0.15,1,10800,0.008,,,0.0025,8,True,679,381,1.8864004220001291,0.07545601688000517,0.4743355353087057,10.25048978600904,1.052504731220553,0.015682030555005468,0.002778203861561315,0.5146875,141,0,0,"{""time_limit"": 602, ""stop_loss"": 77}",0.13733482142857142
0.64,0.64,0.15,1,10800,0.008,,0.003,,8,True,679,381,1.8864004220001291,0.07545601688000517,0.4743355353087057,10.25048978600904,1.052504731220553,0.015682030555005468,0.002778203861561315,0.5146875,141,0,0,"{""time_limit"": 602, ""stop_loss"": 77}",0.13733482142857142
0.64,0.64,0.15,1,10800,0.008,,0.003,0.0015,8,True,904,601,-3.050681688626704,-0.12202726754506817,-0.8241645146150364,12.846564976563737,0.92577855746736,0.02540487496853046,-0.003374647885649001,0.44983035714285713,204,0,0,"{""profit_trailing"": 507, ""time_limit"": 295, ""stop_loss"": 102}",0.13733482142857142
0.64,0.64,0.15,1,10800,0.008,,0.003,0.0025,8,True,860,519,-3.24769018403482,-0.12990760736139279,-0.8504802284997951,13.930230565872614,0.9190883352236504,0.015241150934221058,-0.003776383934924215,0.4717232142857143,206,0,0,"{""profit_trailing"": 426, ""time_limit"": 338, ""stop_loss"": 96}",0.13733482142857142
0.64,0.64,0.15,1,10800,0.008,,0.005,,8,True,679,381,1.8864004220001291,0.07545601688000517,0.4743355353087057,10.25048978600904,1.052504731220553,0.015682030555005468,0.002778203861561315,0.5146875,141,0,0,"{""time_limit"": 602, ""stop_loss"": 77}",0.13733482142857142
0.64,0.64,0.15,1,10800,0.008,,0.005,0.0015,8,True,779,476,0.8693364102664144,0.03477345641065657,0.2243452616899516,11.59923165440432,1.0211624904209393,0.033911500495826905,0.0011159645831404514,0.47816964285714286,189,0,0,"{""profit_trailing"": 274, ""time_limit"": 409, ""stop_loss"": 96}",0.13733482142857142
0.64,0.64,0.15,1,10800,0.008,,0.005,0.0025,8,True,762,463,-0.3372249278664308,-0.013488997114657232,-0.08467389109287642,12.735644711344783,0.9917987276365666,0.030212524648547148,-0.0004425523987748424,0.48904464285714283,185,0,0,"{""profit_trailing"": 222, ""time_limit"": 444, ""stop_loss"": 96}",0.13733482142857142
0.64,0.64,0.15,1,10800,0.012,,,,8,True,656,378,3.940849712583055,0.1576339885033222,1.0314805766283952,7.876698262799972,1.122181755828211,0.01905611021366102,0.006007392854547358,0.5158973214285715,118,0,0,"{""time_limit"": 627, ""stop_loss"": 29}",0.13733482142857142
0.64,0.64,0.15,1,10800,0.012,,,0.0015,8,True,656,378,3.940849712583055,0.1576339885033222,1.0314805766283952,7.876698262799972,1.122181755828211,0.01905611021366102,0.006007392854547358,0.5158973214285715,118,0,0,"{""time_limit"": 627, ""stop_loss"": 29}",0.13733482142857142
0.64,0.64,0.15,1,10800,0.012,,,0.0025,8,True,656,378,3.940849712583055,0.1576339885033222,1.0314805766283952,7.876698262799972,1.122181755828211,0.01905611021366102,0.006007392854547358,0.5158973214285715,118,0,0,"{""time_limit"": 627, ""stop_loss"": 29}",0.13733482142857142
0.64,0.64,0.15,1,10800,0.012,,0.003,,8,True,656,378,3.940849712583055,0.1576339885033222,1.0314805766283952,7.876698262799972,1.122181755828211,0.01905611021366102,0.006007392854547358,0.5158973214285715,118,0,0,"{""time_limit"": 627, ""stop_loss"": 29}",0.13733482142857142
0.64,0.64,0.15,1,10800,0.012,,0.003,0.0015,8,True,849,574,0.9394847697745978,0.037579390790983914,0.2515331847440609,9.478502102356234,1.0262637510019577,0.02684125407015509,0.001106578056271622,0.4552589285714286,150,0,0,"{""profit_trailing"": 474, ""time_limit"": 333, ""stop_loss"": 42}",0.13733482142857142
0.64,0.64,0.15,1,10800,0.012,,0.003,0.0025,8,True,816,499,-0.05676041215383999,-0.0022704164861535995,-0.014976327580413451,10.80056990409461,0.998392158488099,0.0162397832234037,-6.955932861989717e-05,0.4764598214285714,149,0,0,"{""profit_trailing"": 401, ""time_limit"": 374, ""stop_loss"": 41}",0.13733482142857142
0.64,0.64,0.15,1,10800,0.012,,0.005,,8,True,656,378,3.940849712583055,0.1576339885033222,1.0314805766283952,7.876698262799972,1.122181755828211,0.01905611021366102,0.006007392854547358,0.5158973214285715,118,0,0,"{""time_limit"": 627, ""stop_loss"": 29}",0.13733482142857142
0.64,0.64,0.15,1,10800,0.012,,0.005,0.0015,8,True,738,457,3.766979035269182,0.1506791614107673,0.9817247516971072,9.19768236712735,1.1041959907317018,0.03483881635372328,0.00510430763586611,0.48113392857142856,143,0,0,"{""profit_trailing"": 256, ""time_limit"": 443, ""stop_loss"": 39}",0.13733482142857142
0.64,0.64,0.15,1,10800,0.012,,0.005,0.0025,8,True,722,445,3.0271100170777707,0.12108440068311083,0.787877438504785,9.629604727885255,1.0858086728944867,0.031357041601847664,0.004192673153847338,0.4915625,143,0,0,"{""profit_trailing"": 204, ""time_limit"": 480, ""stop_loss"": 38}",0.13733482142857142
