symbol,model,policy_id,timeframe,occurred_at,entry_ts,exit_ts,side,gate_pass,decision,skip_reason,risk_block_reason,risk_clip_reasons,executed,entry_prob,exit_prob,entry_threshold,exit_threshold,exit_reason_primary,exit_reason_all,pnl_gross,pnl_net,pnl_notional,probability,spread_entry_bps,spread_exit_bps,intended_notional,entry_price,exit_price,pnl,hold_minutes,mfe_pct,mae_pct,exit_return_pct,post_exit_max_return_pct,post_exit_min_return_pct
SOL/USDT,xgb_primary,conservative,1m,2025-12-24 20:35:00+00:00,2025-12-24 20:15:00+00:00,2025-12-24 20:35:00+00:00,sell,False,dry_run,dry_run,,,True,0.5002435446,0.4182900488376617,0.48,0.42,prob_floor,prob_floor,-0.0063999999999998,-0.0083678399999998,9.8392,0.4182900488376617,0.8135703534967349,0.8135703534967349,9.8328,122.99,122.91,-0.0083678399999998,20.0,0.0013013420089467,-0.0026026840178935,-0.0004066693777958,0.0009764035801462,-0.0021969080553295
SOL/USDT,xgb_primary,conservative,1m,2025-12-24 21:18:00+00:00,2025-12-24 21:02:00+00:00,2025-12-24 21:18:00+00:00,sell,False,dry_run,dry_run,,,True,0.5656820536,0.4182900488376617,0.48,0.42,prob_floor,"prob_floor,trailing_prob_drop",-0.0208000000000004,-0.0227667200000004,9.8336,0.4182900488376617,0.8152284677785119,0.8152284677785119,9.8128,122.92,122.66,-0.0227667200000004,16.0,0.0022797589969061,-0.0012212994626281,-0.000407099820876,0.0038282968151828,-0.0008145312372729
SOL/USDT,xgb_primary,conservative,1m,2025-12-24 21:29:00+00:00,2025-12-24 21:24:00+00:00,2025-12-24 21:29:00+00:00,sell,False,dry_run,dry_run,,,True,0.5002435446,0.5002435445785522,0.48,0.42,take_profit,"take_profit,gate_close",0.0152000000000009,0.0132366400000009,9.8168,0.5002435445785522,0.81433224755742,0.813636548553021,9.832,122.71,122.9,0.0132366400000009,5.0,0.0044009779951099,0.0,0.0010594947025264,0.0033379467556784,-0.0002442400065131
SOL/USDT,xgb_primary,conservative,1m,2025-12-24 21:55:00+00:00,2025-12-24 21:33:00+00:00,2025-12-24 21:55:00+00:00,sell,False,dry_run,dry_run,,,True,0.5656820536,0.4182900488376617,0.48,0.42,prob_floor,"prob_floor,trailing_prob_drop",0.0031999999999993,0.0012332799999993,9.8336,0.4182900488376617,0.8134049129660904,0.8132395397068365,9.8368,122.92,122.96,0.0012332799999993,22.0,0.0026848913839394,0.0,0.0002440810349035,0.0030909386692694,-8.134049129648879e-05
SOL/USDT,xgb_primary,conservative,1m,2025-12-24 22:07:00+00:00,2025-12-24 22:00:00+00:00,2025-12-24 22:07:00+00:00,sell,False,dry_run,dry_run,,,True,0.5656820536,0.565682053565979,0.48,0.42,gate_close,gate_close,0.0063999999999998,0.0044318399999998,9.8408,0.565682053565979,7.309941520468113,0.812380681586653,9.8472,123.01,123.09,0.0044318399999998,7.0,0.0030081300813007,-0.0005691056910568,0.0009756097560975,0.0020305393112409,-0.0015432098765432
SOL/USDT,xgb_primary,conservative,1m,2025-12-24 22:15:00+00:00,2025-12-24 22:10:00+00:00,2025-12-24 22:15:00+00:00,sell,False,dry_run,dry_run,,,True,0.6076040864,0.565682053565979,0.48,0.42,gate_close,gate_close,-0.0095999999999992,-0.0115718399999992,9.8592,0.565682053565979,3.2475440448166157,0.8121827411160126,9.8496,123.24,123.12,-0.0115718399999992,5.0,0.0013798701298701,-0.0021915584415583,-0.0002435064935064,0.0016237720224081,-0.0019485264268895
SOL/USDT,xgb_primary,conservative,1m,2025-12-24 22:25:00+00:00,2025-12-24 22:20:00+00:00,2025-12-24 22:25:00+00:00,sell,False,dry_run,dry_run,,,True,0.5656820536,0.4182900488376617,0.48,0.42,prob_floor,"prob_floor,trailing_prob_drop",-0.0023999999999989,-0.0043691199999989,9.8456,0.4182900488376617,0.8127107968621972,0.8127107968621972,9.8432,123.07,123.04,-0.0043691199999989,5.0,0.0021933387489847,-0.0013809910641753,-0.0005686433793663,0.0027635536048118,-0.0021945866861741
SOL/USDT,xgb_primary,conservative,1m,2025-12-24 22:38:00+00:00,2025-12-24 22:33:00+00:00,2025-12-24 22:38:00+00:00,sell,False,dry_run,dry_run,,,True,0.5002435446,0.6076040863990784,0.48,0.42,gate_close,gate_close,0.0016000000000008,-0.0003700799999991,9.8504,0.6076040863990784,7.299270072992978,0.8119848970801757,9.852,123.13,123.15,-0.0003700799999991,5.0,0.0018677927562125,-0.0034107519896053,0.0012993340912781,0.0005677210056773,-0.0047039740470397
SOL/USDT,xgb_primary,conservative,1m,2025-12-24 22:51:00+00:00,2025-12-24 22:42:00+00:00,2025-12-24 22:51:00+00:00,sell,False,dry_run,dry_run,,,True,0.587852478,0.5002435445785522,0.48,0.42,gate_close,gate_close,0.0008000000000004,-0.0011715199999995,9.8576,0.5002435445785522,9.73788850117703,0.8114577839080541,9.8584,123.22,123.23,-0.0011715199999995,9.0,0.0012173348482389,-0.00438240545366,8.115565654920331e-05,0.001136086991804,-0.0044631988963725
SOL/USDT,xgb_primary,conservative,1m,2025-12-24 22:59:00+00:00,2025-12-24 22:53:00+00:00,2025-12-24 22:59:00+00:00,sell,False,dry_run,dry_run,,,True,0.5002435446,0.5002435445785522,0.48,0.42,gate_close,gate_close,-0.004799999999999,-0.006773119999999,9.8656,0.5002435445785522,4.865785418863212,0.8112602928642278,9.8608,123.32,123.26,-0.006773119999999,6.0,0.0006488766323302,-0.0055965609538487,0.0001622191580825,0.0004865785418863,-0.006893196010056
SOL/USDT,xgb_primary,conservative,1m,2025-12-24 23:21:00+00:00,2025-12-24 23:16:00+00:00,2025-12-24 23:21:00+00:00,sell,False,dry_run,dry_run,,,True,0.5002435446,0.4182900488376617,0.48,0.42,prob_floor,prob_floor,-0.0063999999999998,-0.0083687999999998,9.844,0.4182900488376617,4.879238838741341,0.8131734092299343,9.8376,123.05,122.97,-0.0083687999999998,5.0,0.0001624827362092,-0.0058493785035339,-0.0009748964172556,0.0004879238838741,-0.004879238838741
SOL/USDT,xgb_primary,conservative,1m,2025-12-24 23:50:00+00:00,2025-12-24 23:39:00+00:00,2025-12-24 23:50:00+00:00,sell,False,dry_run,dry_run,,,True,0.5002435446,0.4182900488376617,0.48,0.42,prob_floor,prob_floor,-0.0024,-0.00436352,9.8176,0.4182900488376617,0.8150291372920753,0.8150291372920753,9.8152,122.72,122.69,-0.00436352,11.0,0.0,-0.0038267383162351,-0.0008141996417521,0.0,-0.0040743155149934
SOL/USDT,xgb_primary,conservative,1m,2025-12-25 00:22:00+00:00,2025-12-25 00:14:00+00:00,2025-12-25 00:22:00+00:00,sell,False,dry_run,dry_run,,,True,0.5002435446,0.565682053565979,0.48,0.42,gate_close,gate_close,0.0027999999999997,0.0018196799999997,4.9016,0.565682053565979,5.711954304365008,0.8155609020107749,4.9044,122.54,122.61,0.0018196799999997,8.0,0.0019598236158746,-0.0029397354238118,0.000734933855953,0.0005711954304365,-0.003671970624235
SOL/USDT,xgb_primary,conservative,1m,2025-12-25 00:30:00+00:00,2025-12-25 00:25:00+00:00,2025-12-25 00:30:00+00:00,sell,False,dry_run,dry_run,,,True,0.5002435446,0.4182900488376617,0.48,0.42,prob_floor,prob_floor,0.0048000000000001,0.0028412800000001,9.7936,0.4182900488376617,1.6341204346757106,0.8164265012034866,9.7984,122.42,122.48,0.0028412800000001,5.0,0.0008981791459132,-0.0030211480362538,-0.0006532211970278,0.0015524144129421,-0.0023694746302802
SOL/USDT,xgb_primary,conservative,1m,2025-12-25 01:14:00+00:00,2025-12-25 01:06:00+00:00,2025-12-25 01:14:00+00:00,sell,True,dry_run,dry_run,,,True,0.5002435446,0.565682053565979,0.48,0.42,take_profit,take_profit,0.0112,0.00924448,9.7776,0.565682053565979,0.8172271482862841,0.8172271482862841,9.7888,122.22,122.36,0.00924448,8.0,0.0047459291383684,-8.182636445452918e-05,0.0008182636445464,0.00392445425558,-0.0003270378546317
SOL/USDT,xgb_primary,conservative,1m,2025-12-25 01:26:00+00:00,2025-12-25 01:20:00+00:00,2025-12-25 01:26:00+00:00,sell,True,dry_run,dry_run,,,True,0.5656820536,0.6076040863990784,0.48,0.42,take_profit,take_profit,0.0136000000000001,0.0116422400000001,9.7888,0.6076040863990784,3.2658393207059313,0.8160933610809251,9.8024,122.36,122.53,0.0116422400000001,6.0,0.0034322137778868,-0.0004903162539838,0.0008989131323036,0.0027759634225994,-0.0013879817112998
SOL/USDT,xgb_primary,conservative,1m,2025-12-25 01:36:00+00:00,2025-12-25 01:28:00+00:00,2025-12-25 01:36:00+00:00,sell,False,dry_run,dry_run,,,True,0.6076040864,0.4182900488376617,0.48,0.42,prob_floor,"prob_floor,trailing_prob_drop",-0.0143999999999994,-0.0163603199999994,9.8016,0.4182900488376617,3.2703785463160857,0.8173607421628105,9.7872,122.52,122.34,-0.0163603199999994,8.0,0.00252999265486,-0.0017954786582877,-0.0017954786582877,0.0046602894285012,0.0
SOL/USDT,xgb_primary,conservative,1m,2025-12-25 01:49:00+00:00,2025-12-25 01:42:00+00:00,2025-12-25 01:49:00+00:00,sell,True,dry_run,dry_run,,,True,0.5002435446,0.6076040863990784,0.48,0.42,take_profit,take_profit,0.0127999999999997,0.0108382399999997,9.8088,0.6076040863990784,0.8144980655675109,0.8144980655675109,9.8216,122.61,122.77,0.0108382399999997,7.0,0.0038348563968668,-0.0005711488250653,0.0013870757180156,0.003259186832885,-0.0019555120997312
SOL/USDT,xgb_primary,conservative,1m,2025-12-25 02:00:00+00:00,2025-12-25 01:52:00+00:00,2025-12-25 02:00:00+00:00,sell,False,dry_run,dry_run,,,True,0.6076040864,0.4182900488376617,0.48,0.42,prob_floor,"prob_floor,trailing_prob_drop",-0.0080000000000006,-0.0099627200000006,9.8136,0.4182900488376617,10.598402087070738,0.8158270446669481,9.8056,122.67,122.57,-0.0099627200000006,8.0,0.0036680795565697,-0.0015487447016629,-0.0001630257580698,0.0038317299853252,-0.0013859448883091
SOL/USDT,xgb_primary,conservative,1m,2025-12-25 02:21:00+00:00,2025-12-25 02:15:00+00:00,2025-12-25 02:21:00+00:00,sell,False,dry_run,dry_run,,,True,0.5656820536,0.5878524780273438,0.48,0.42,gate_close,gate_close,0.0015999999999996,-0.0003641600000003,9.8208,0.5878524780273438,4.887983706721163,0.8144317302606275,9.8224,122.76,122.78,-0.0003641600000003,6.0,0.0033409387222946,0.0,0.0002444589308996,0.0031771894093686,-0.000244399185336
SOL/USDT,xgb_primary,conservative,1m,2025-12-25 02:30:00+00:00,2025-12-25 02:23:00+00:00,2025-12-25 02:30:00+00:00,sell,True,dry_run,dry_run,,,True,0.6076040864,0.565682053565979,0.48,0.42,take_profit,take_profit,0.0103999999999996,0.0084364799999996,9.8176,0.565682053565979,0.8139676854833029,0.8139676854833029,9.828,122.72,122.85,0.0084364799999996,7.0,0.0029320736276265,-0.0004886789379378,0.0004886789379376,0.0024422012373819,-0.0003256268316509
SOL/USDT,xgb_primary,conservative,1m,2025-12-25 02:38:00+00:00,2025-12-25 02:32:00+00:00,2025-12-25 02:38:00+00:00,sell,False,dry_run,dry_run,,,True,0.5656820536,0.565682053565979,0.48,0.42,gate_close,gate_close,-0.0007999999999992,-0.0027660799999992,9.8304,0.565682053565979,2.442201237382053,0.8138351983715895,9.8296,122.88,122.87,-0.0027660799999992,6.0,0.0021974444534873,-0.0008138683161065,-0.0002441604948318,0.0024422012373819,-0.0010582872028656
SOL/USDT,xgb_primary,conservative,1m,2025-12-25 02:51:00+00:00,2025-12-25 02:45:00+00:00,2025-12-25 02:51:00+00:00,sell,False,dry_run,dry_run,,,True,0.6076040864,0.6076040863990784,0.48,0.42,gate_close,gate_close,0.0,-0.00196864,9.8432,0.6076040863990784,2.438627865387834,0.8127107968621972,9.8432,123.04,123.04,-0.00196864,6.0,0.0001624431448992,-0.0040610786224821,-0.0008122157244965,0.000975451146155,-0.0034140790115428
SOL/USDT,xgb_primary,conservative,1m,2025-12-25 03:00:00+00:00,2025-12-25 02:53:00+00:00,2025-12-25 03:00:00+00:00,sell,False,dry_run,dry_run,,,True,0.587852478,0.4182900488376617,0.48,0.42,prob_floor,"prob_floor,trailing_prob_drop",-0.0055999999999994,-0.0075683199999994,9.8416,0.4182900488376617,3.251768148930334,0.8133056809394417,9.836,123.02,122.95,-0.0075683199999994,7.0,0.000975451146155,-0.0034140790115428,-8.12875955128467e-05,0.0010568246484026,-0.0033330623526542
SOL/USDT,xgb_primary,conservative,1m,2025-12-25 03:10:00+00:00,2025-12-25 03:05:00+00:00,2025-12-25 03:10:00+00:00,sell,False,dry_run,dry_run,,,True,0.5656820536,0.4182900488376617,0.48,0.42,prob_floor,"prob_floor,trailing_prob_drop",0.0039999999999997,0.0020331199999997,9.8344,0.4182900488376617,8.134049129656281,0.8131072895061109,9.8384,122.93,122.98,0.0020331199999997,5.0,0.0017082892703164,-0.0026844545676402,8.134710811025236e-05,0.0016268098259313,-0.0027655767040832
SOL/USDT,xgb_primary,conservative,1m,2025-12-25 03:19:00+00:00,2025-12-25 03:12:00+00:00,2025-12-25 03:19:00+00:00,sell,False,dry_run,dry_run,,,True,0.5002435446,0.4182900488376617,0.48,0.42,prob_floor,prob_floor,-0.0024,-0.00436848,9.8424,0.4182900488376617,0.8129750823141431,0.8129750823141431,9.84,123.03,123.0,-0.00436848,7.0,0.0012196113505162,-0.0031709895113424,-0.0004878445402064,0.0017082892703164,-0.0026844545676402
SOL/USDT,xgb_primary,conservative,1m,2025-12-25 03:30:00+00:00,2025-12-25 03:25:00+00:00,2025-12-25 03:30:00+00:00,sell,False,dry_run,dry_run,,,True,0.5656820536,0.4182900488376617,0.48,0.42,prob_floor,"prob_floor,trailing_prob_drop",-0.0207999999999992,-0.0227678399999992,9.8392,0.4182900488376617,0.8147635148890622,0.8147635148890622,9.8184,122.99,122.73,-0.0227678399999992,5.0,0.0004065701740119,-0.0030899333224915,-0.0009757684176289,0.0,-0.0021162298551197
SOL/USDT,xgb_primary,conservative,1m,2025-12-25 04:00:00+00:00,2025-12-25 03:55:00+00:00,2025-12-25 04:00:00+00:00,sell,False,dry_run,dry_run,,,True,0.5002435446,0.565682053565979,0.48,0.42,gate_close,gate_close,0.0080000000000006,0.0060374400000006,9.8128,0.565682053565979,1.6297262059970683,0.8145644116801127,9.8208,122.66,122.76,0.0060374400000006,5.0,0.0017938682322244,-0.0001630789302021,0.0006523157208089,0.0011408083441981,-0.0008148631029986
SOL/USDT,xgb_primary,conservative,1m,2025-12-25 04:07:00+00:00,2025-12-25 04:02:00+00:00,2025-12-25 04:07:00+00:00,sell,False,dry_run,dry_run,,,True,0.5656820536,0.565682053565979,0.48,0.42,gate_close,gate_close,0.0071999999999991,0.0052380799999991,9.8096,0.565682053565979,2.4449877750612172,0.8148963044456762,9.8168,122.62,122.71,0.0052380799999991,5.0,0.0008145975887909,-0.0011404366243076,-0.0004887585532746,0.0013039934800325,-0.0016299918500407
SOL/USDT,xgb_primary,conservative,1m,2025-12-25 04:15:00+00:00,2025-12-25 04:10:00+00:00,2025-12-25 04:15:00+00:00,sell,False,dry_run,dry_run,,,True,0.5002435446,0.5002435445785522,0.48,0.42,take_profit,"take_profit,gate_close",0.013599999999999,0.0116375999999989,9.812,0.5002435445785522,8.956925331813324,0.8141664970490631,9.8256,122.65,122.82,0.0116375999999989,5.0,0.0017121891561353,-0.0014675907052589,0.0013045250713412,0.0004071329696277,-0.003257063757023
SOL/USDT,xgb_primary,conservative,1m,2025-12-25 04:22:00+00:00,2025-12-25 04:17:00+00:00,2025-12-25 04:22:00+00:00,sell,False,dry_run,dry_run,,,True,0.5656820536,0.5002435445785522,0.48,0.42,gate_close,gate_close,-0.0063999999999998,-0.0083654399999998,9.8272,0.5002435445785522,3.2583903551639004,0.8145644116801127,9.8208,122.84,122.76,-0.0083654399999998,5.0,0.000244240006513,-0.0034193600911829,-0.0005698933485304,0.000733137829912,-0.002851091560769
SOL/USDT,xgb_primary,conservative,1m,2025-12-25 04:32:00+00:00,2025-12-25 04:27:00+00:00,2025-12-25 04:32:00+00:00,sell,False,dry_run,dry_run,,,True,0.5656820536,0.4182900488376617,0.48,0.42,prob_floor,"prob_floor,trailing_prob_drop",-0.0015999999999996,-0.0035631999999996,9.816,0.4182900488376617,0.815095569954836,0.815095569954836,9.8144,122.7,122.68,-0.0035631999999996,5.0,0.0011409013120364,-0.0024447885257924,0.0,0.0011409013120364,-0.0024447885257924
SOL/USDT,xgb_primary,conservative,1m,2025-12-25 04:47:00+00:00,2025-12-25 04:42:00+00:00,2025-12-25 04:47:00+00:00,sell,False,dry_run,dry_run,,,True,0.5002435446,0.4182900488376617,0.48,0.42,prob_floor,prob_floor,-0.0055999999999994,-0.0075635199999994,9.8176,0.4182900488376617,0.8152949329412503,0.8152949329412503,9.812,122.72,122.65,-0.0075635199999994,5.0,0.0015489972281101,-0.0032610467960214,-0.000326104679602,0.0018757135866904,-0.0029358995269939
SOL/USDT,xgb_primary,conservative,1m,2025-12-25 04:57:00+00:00,2025-12-25 04:52:00+00:00,2025-12-25 04:57:00+00:00,sell,False,dry_run,dry_run,,,True,0.5656820536,0.565682053565979,0.48,0.42,gate_close,gate_close,-0.0012,-0.00218264,4.9132,0.565682053565979,3.2570637570223955,0.814299092056929,4.912,122.83,122.8,-0.00218264,5.0,0.0002442598925256,-0.0045595179938119,-8.141996417510011e-05,0.0003257063757022,-0.0044784626659066
SOL/USDT,xgb_primary,conservative,1m,2025-12-25 05:08:00+00:00,2025-12-25 05:03:00+00:00,2025-12-25 05:08:00+00:00,sell,False,dry_run,dry_run,,,True,0.5656820536,0.4182900488376617,0.48,0.42,prob_floor,"prob_floor,trailing_prob_drop",-0.0039999999999997,-0.0049805599999997,4.9028,0.4182900488376617,0.8163265306126626,0.8164931618701871,4.8988000000000005,122.57,122.47,-0.0049805599999997,5.0,0.0,-0.0035047681147607,-0.0015486184693128,0.0005714285714284,-0.0019591836734693
SOL/USDT,xgb_primary,conservative,1m,2025-12-25 05:30:00+00:00,2025-12-25 05:21:00+00:00,2025-12-25 05:30:00+00:00,sell,False,dry_run,dry_run,,,True,0.5002435446,0.565682053565979,0.48,0.42,gate_close,gate_close,-0.0024,-0.00338032,4.9016,0.565682053565979,1.632919660353546,0.8164265012034866,4.8992,122.54,122.48,-0.00338032,9.0,8.159268929497365e-05,-0.0030189295039164,-0.0006527415143603,8.16459830175198e-05,-0.0023677335075115
SOL/USDT,xgb_primary,conservative,1m,2025-12-25 06:01:00+00:00,2025-12-25 05:49:00+00:00,2025-12-25 06:01:00+00:00,sell,False,dry_run,dry_run,,,True,0.5002435446,0.5002435445785522,0.48,0.42,gate_close,gate_close,-0.0028000000000002,-0.0037793600000002,4.8968,0.5002435445785522,0.8172605426614185,0.8172939397658548,4.894,122.42,122.35,-0.0037793600000002,12.0,0.000653487992158,-0.0018787779774547,-0.0004901159941186,0.0011441647597254,-0.0013893429225236
SOL/USDT,xgb_primary,conservative,1m,2025-12-25 06:34:00+00:00,2025-12-25 06:21:00+00:00,2025-12-25 06:34:00+00:00,sell,True,dry_run,dry_run,,,True,0.5002435446,0.5002435445785522,0.48,0.42,take_profit,take_profit,0.0056,0.00462136,4.8932,0.5002435445785522,0.8164931618701871,0.8164931618701871,4.8988000000000005,122.33,122.47,0.00462136,13.0,0.0016353229762877,-0.0013900245298447,-0.0001635322976287,0.001799149492967,-0.0014720314033366
SOL/USDT,xgb_primary,conservative,1m,2025-12-25 06:43:00+00:00,2025-12-25 06:38:00+00:00,2025-12-25 06:43:00+00:00,sell,False,dry_run,dry_run,,,True,0.5656820536,0.565682053565979,0.48,0.42,gate_close,gate_close,0.0056000000000005,0.0036419200000005,9.7904,0.565682053565979,3.267439960791231,0.8166265158622275,9.796,122.38,122.45,0.0036419200000005,5.0,0.0006536481738703,-0.0023694746302802,0.0002451180652014,0.0004084299950988,-0.0026139519686326
SOL/USDT,xgb_primary,conservative,1m,2025-12-25 06:55:00+00:00,2025-12-25 06:45:00+00:00,2025-12-25 06:55:00+00:00,sell,False,dry_run,dry_run,,,True,0.5656820536,0.565682053565979,0.48,0.42,gate_close,gate_close,0.0008000000000004,-0.0011593599999995,9.7968,0.565682053565979,3.266105985138568,0.8164931618701871,9.7976,122.46,122.47,-0.0011593599999995,10.0,0.0001633319722336,-0.0028583095140874,0.0001633319722336,0.0,-0.0030211480362538
SOL/USDT,xgb_primary,conservative,1m,2025-12-25 07:06:00+00:00,2025-12-25 06:57:00+00:00,2025-12-25 07:06:00+00:00,sell,False,dry_run,dry_run,,,True,0.5656820536,0.4182900488376617,0.48,0.42,prob_floor,"prob_floor,trailing_prob_drop",-0.0160000000000002,-0.0179595200000002,9.7976,0.4182900488376617,4.90717265069128,0.8178286648951228,9.7816,122.47,122.27,-0.0179595200000002,9.0,0.0,-0.0030211480362538,-0.0016330529925696,0.001553938006052,-0.0013903655843624
SOL/USDT,xgb_primary,conservative,1m,2025-12-25 07:36:00+00:00,2025-12-25 07:28:00+00:00,2025-12-25 07:36:00+00:00,sell,False,dry_run,dry_run,,,True,0.5002435446,0.565682053565979,0.48,0.42,gate_close,gate_close,-0.0063999999999998,-0.0083551999999998,9.776,0.565682053565979,0.8183306055650666,0.8188331627423464,9.7696,122.2,122.12,-0.0083551999999998,8.0,0.0037649369782288,-0.0042560157145196,0.0001636929120969,0.0036006546644844,-0.0044189852700491
SOL/USDT,xgb_primary,conservative,1m,2025-12-25 07:52:00+00:00,2025-12-25 07:41:00+00:00,2025-12-25 07:52:00+00:00,sell,False,dry_run,dry_run,,,True,0.5656820536,0.565682053565979,0.48,0.42,gate_close,gate_close,0.0048000000000001,0.0028452800000001,9.7736,0.565682053565979,1.6367951550860154,0.8180962899325811,9.7784,122.17,122.23,0.0028452800000001,11.0,0.0039292730844793,-0.0040929927963326,0.00024557956778,0.0036827890989443,-0.0043375071609788
SOL/USDT,xgb_primary,conservative,1m,2025-12-25 08:02:00+00:00,2025-12-25 07:54:00+00:00,2025-12-25 08:02:00+00:00,sell,False,dry_run,dry_run,,,True,0.5656820536,0.565682053565979,0.48,0.42,gate_close,gate_close,0.0,-0.00195728,9.7864,0.565682053565979,3.2711808963029148,0.8174275554833135,9.7864,122.33,122.33,-0.00195728,8.0,0.0033543319970548,-0.0046633396056615,0.0004090648776895,0.0029440628066732,-0.0050703303892705
SOL/USDT,xgb_primary,conservative,1m,2025-12-25 08:14:00+00:00,2025-12-25 08:08:00+00:00,2025-12-25 08:14:00+00:00,sell,False,dry_run,dry_run,,,True,0.6076040864,0.5002435445785522,0.48,0.42,gate_close,gate_close,-0.0312,-0.03315936,9.7968,0.5002435445785522,6.538618716795938,0.8191685439283324,9.7656,122.46,122.07,-0.03315936,6.0,0.0,-0.0075862631536014,-0.0019577453299617,0.0,-0.0056395586432366
SOL/USDT,xgb_primary,conservative,1m,2025-12-25 08:45:00+00:00,2025-12-25 08:37:00+00:00,2025-12-25 08:45:00+00:00,sell,False,dry_run,dry_run,,,True,0.5656820536,0.5878524780273438,0.48,0.42,gate_close,gate_close,0.0008000000000004,-0.0011510399999995,9.7552,0.5878524780273438,4.099704821253802,0.8199745807872498,9.756,121.94,121.95,-0.0011510399999995,8.0,0.0024612355402411,-0.0006563294773976,0.0005742882927228,0.0018858642177763,-0.0012299114463757
SOL/USDT,xgb_primary,conservative,1m,2025-12-25 08:53:00+00:00,2025-12-25 08:47:00+00:00,2025-12-25 08:53:00+00:00,sell,False,dry_run,dry_run,,,True,0.5656820536,0.5002435445785522,0.48,0.42,take_profit,"take_profit,gate_close",0.0127999999999997,0.0108491199999997,9.7544,0.5002435445785522,12.291052114060264,0.8190343584905938,9.7672,121.93,122.09,0.0108491199999997,6.0,0.0018858642177763,-0.0012299114463757,0.0006559527714005,0.0012291052114059,-0.0018846279908226
SOL/USDT,xgb_primary,conservative,1m,2025-12-25 09:01:00+00:00,2025-12-25 08:55:00+00:00,2025-12-25 09:01:00+00:00,sell,False,dry_run,dry_run,,,True,0.5656820536,0.5002435445785522,0.48,0.42,gate_close,gate_close,-0.0087999999999999,-0.0107547199999999,9.7736,0.5002435445785522,6.556839603311064,0.8192356531348793,9.7648,122.17,122.06,-0.0107547199999999,6.0,0.0004094333442514,-0.0025384867343596,-0.0009007533573534,0.0013113679206622,-0.0016392099008277
SOL/USDT,xgb_primary,conservative,1m,2025-12-25 09:11:00+00:00,2025-12-25 09:06:00+00:00,2025-12-25 09:11:00+00:00,sell,False,dry_run,dry_run,,,True,0.5002435446,0.3703703582286834,0.48,0.42,prob_floor,prob_floor,-0.0136000000000001,-0.0155521600000001,9.7608,0.3703703582286834,9.0289748009521,0.8207148426271824,9.7472,122.01,121.84,-0.0155521600000001,5.0,0.0009011961330493,-0.0020481730296575,-0.0018843191872849,0.0027907740293853,-0.0003283263563982
SOL/USDT,xgb_primary,conservative,1m,2025-12-25 09:25:00+00:00,2025-12-25 09:20:00+00:00,2025-12-25 09:25:00+00:00,sell,False,dry_run,dry_run,,,True,0.5002435446,0.5002435445785522,0.48,0.42,gate_close,gate_close,-0.0032000000000005,-0.0051521600000005,9.7608,0.5002435445785522,2.45962121833247,0.8198401311748404,9.7576,122.01,121.97,-0.0051521600000005,5.0,0.0013113679206622,-0.0027046963363658,-0.0003278419801656,0.0016397474788882,-0.0023776338443879
SOL/USDT,xgb_primary,conservative,1m,2025-12-25 09:40:00+00:00,2025-12-25 09:30:00+00:00,2025-12-25 09:40:00+00:00,sell,False,dry_run,dry_run,,,True,0.5656820536,0.5002435445785522,0.48,0.42,gate_close,gate_close,-0.0016000000000002,-0.0025760000000002,4.88,0.5002435445785522,4.918435937372103,0.8199073504698163,4.8784,122.0,121.96,-0.0025760000000002,10.0,0.0014755307812115,-0.0025411919009753,0.0,0.0014755307812115,-0.0049184359373718
SOL/USDT,xgb_primary,conservative,1m,2025-12-25 09:55:00+00:00,2025-12-25 09:46:00+00:00,2025-12-25 09:55:00+00:00,sell,False,dry_run,dry_run,,,True,0.5656820536,0.565682053565979,0.48,0.42,gate_close,gate_close,0.0004000000000002,-0.0005767999999997,4.8839999999999995,0.565682053565979,4.094668741298596,0.8189002170089763,4.8844,122.1,122.11,-0.0005767999999997,9.0,0.0004913602489557,-0.0062238964867742,0.0,0.0004094668741299,-0.0062238964867742
SOL/USDT,xgb_primary,conservative,1m,2025-12-25 10:03:00+00:00,2025-12-25 09:57:00+00:00,2025-12-25 10:03:00+00:00,sell,False,dry_run,dry_run,,,True,0.5656820536,0.4182900488376617,0.48,0.42,prob_floor,"prob_floor,trailing_prob_drop",-0.0103999999999996,-0.0123532799999996,9.7664,0.4182900488376617,0.8197393228957387,0.8199745807872498,9.756,122.08,121.95,-0.0123532799999996,6.0,8.189337482611414e-05,-0.0062238964867742,-0.0009827204979117,8.19739322894808e-05,-0.0052463316665301
SOL/USDT,xgb_primary,conservative,1m,2025-12-25 10:35:00+00:00,2025-12-25 10:25:00+00:00,2025-12-25 10:35:00+00:00,sell,False,dry_run,dry_run,,,True,0.5002435446,0.4007633626461029,0.48,0.42,prob_floor,prob_floor,-0.0256000000000005,-0.0275494400000005,9.7472,0.4007633626461029,28.81607113452942,0.8228759514507398,9.7216,121.84,121.52,-0.0275494400000005,10.0,8.208158909961405e-05,-0.0039399162767791,-0.0030370187966839,0.0032932652725177,-0.0009056479499424
SOL/USDT,xgb_primary,conservative,1m,2025-12-25 10:56:00+00:00,2025-12-25 10:50:00+00:00,2025-12-25 10:56:00+00:00,sell,False,dry_run,dry_run,,,True,0.5002435446,0.5002435445785522,0.48,0.42,gate_close,gate_close,0.0039999999999997,0.0020563199999997,9.7184,0.5002435445785522,4.113533525297997,0.8228082445390313,9.7224,121.48,121.53,0.0020563199999997,6.0,0.0034584980237153,0.0,0.0009057971014492,0.0025503907856849,-0.0004113533525298
SOL/USDT,xgb_primary,conservative,1m,2025-12-25 11:03:00+00:00,2025-12-25 10:58:00+00:00,2025-12-25 11:03:00+00:00,sell,False,dry_run,dry_run,,,True,0.587852478,0.565682053565979,0.48,0.42,take_profit,"take_profit,gate_close",0.0120000000000004,0.0100552000000004,9.724,0.565682053565979,6.575702778234283,0.8216589293776677,9.736,121.55,121.7,0.0100552000000004,5.0,0.0026328780648345,-0.0001645548790522,0.0009873292743129,0.0016439256945586,-0.0007397665625513
SOL/USDT,xgb_primary,conservative,1m,2025-12-25 11:14:00+00:00,2025-12-25 11:06:00+00:00,2025-12-25 11:14:00+00:00,sell,False,dry_run,dry_run,,,True,0.587852478,0.565682053565979,0.48,0.42,gate_close,gate_close,-0.0007999999999992,-0.0027465599999992,9.7328,0.565682053565979,5.753739930955728,0.8219966298130701,9.732,121.66,121.65,-0.0027465599999992,8.0,0.0018086155869778,-0.0005754685958566,0.0001644195988161,0.0016439256945586,-0.0007397665625513
SOL/USDT,xgb_primary,conservative,1m,2025-12-25 11:27:00+00:00,2025-12-25 11:19:00+00:00,2025-12-25 11:27:00+00:00,sell,False,dry_run,dry_run,,,True,0.5656820536,0.5002435445785522,0.48,0.42,gate_close,gate_close,0.0080000000000006,0.0060526400000006,9.7368,0.5002435445785522,6.567066163191454,0.8209169642483196,9.7448,121.71,121.81,0.0060526400000006,8.0,0.001314708299096,-0.0010682004930157,0.0009860312243219,0.0005746182892794,-0.0020522081759973
SOL/USDT,xgb_primary,conservative,1m,2025-12-25 11:42:00+00:00,2025-12-25 11:29:00+00:00,2025-12-25 11:42:00+00:00,sell,False,dry_run,dry_run,,,True,0.5656820536,0.4182900488376617,0.48,0.42,prob_floor,"prob_floor,trailing_prob_drop",-0.0167999999999995,-0.0187497599999995,9.7488,0.4182900488376617,0.8219966298130701,0.8219966298130701,9.732,121.86,121.65,-0.0187497599999995,13.0,0.0012314259912977,-0.0019702815860767,-0.0011493309252114,0.0023834963425659,-0.0008218952905401
SOL/USDT,xgb_primary,conservative,1m,2025-12-25 12:00:00+00:00,2025-12-25 11:54:00+00:00,2025-12-25 12:00:00+00:00,sell,False,dry_run,dry_run,,,True,0.5002435446,0.4182900488376617,0.48,0.42,prob_floor,prob_floor,-0.0024,-0.00434752,9.7376,0.4182900488376617,4.111165926656566,0.8217264472661256,9.7352,121.72,121.69,-0.00434752,6.0,0.0023005504888669,-0.0009859502095143,-0.0007394626571357,0.003617826015458,-0.0002466699555994
SOL/USDT,xgb_primary,conservative,1m,2025-12-25 12:18:00+00:00,2025-12-25 12:05:00+00:00,2025-12-25 12:18:00+00:00,sell,False,dry_run,dry_run,,,True,0.5656820536,0.4182900488376617,0.48,0.42,prob_floor,"prob_floor,trailing_prob_drop",-0.0072000000000002,-0.0091468800000002,9.7344,0.4182900488376617,2.4670038238560204,2.4670038238560204,9.7272,121.68,121.59,-0.0091468800000002,13.0,0.0029580936729662,-0.0009038619556286,-0.000657354149548,0.003617826015458,-0.0002466699555994
SOL/USDT,xgb_primary,conservative,1m,2025-12-25 12:28:00+00:00,2025-12-25 12:23:00+00:00,2025-12-25 12:28:00+00:00,sell,False,dry_run,dry_run,,,True,0.587852478,0.6076040863990784,0.48,0.42,gate_close,gate_close,0.0024,0.00142488,4.8756,0.6076040863990784,4.919645785502466,0.8199745807872498,4.878,121.89,121.95,0.00142488,5.0,0.0014768624876928,-0.0013948145717098,0.0006563833278634,0.0008199409642506,-0.0020498524106263
SOL/USDT,xgb_primary,conservative,1m,2025-12-25 12:36:00+00:00,2025-12-25 12:30:00+00:00,2025-12-25 12:36:00+00:00,sell,False,dry_run,dry_run,,,True,0.6076040864,0.5002435445785522,0.48,0.42,gate_close,gate_close,-0.0032000000000005,-0.0051508800000005,9.7544,0.5002435445785522,5.741469816273572,0.8203781943480138,9.7512,121.93,121.89,-0.0051508800000005,6.0,0.0008199409642506,-0.0020498524106263,-0.0003279763857001,0.0011482939632545,-0.0017224409448819
SOL/USDT,xgb_primary,conservative,1m,2025-12-25 12:57:00+00:00,2025-12-25 12:41:00+00:00,2025-12-25 12:57:00+00:00,sell,True,dry_run,dry_run,,,True,0.5656820536,0.565682053565979,0.48,0.42,take_profit,take_profit,0.0112,0.0092496,9.752,0.565682053565979,0.8193699045426609,0.8193699045426609,9.7632,121.9,122.04,0.0092496,16.0,0.0012304158805676,-0.0016405545074235,0.0007382495283405,0.0027049180327869,-0.0023770491803278
SOL/USDT,xgb_primary,conservative,1m,2025-12-25 13:14:00+00:00,2025-12-25 12:59:00+00:00,2025-12-25 13:14:00+00:00,sell,False,dry_run,dry_run,,,True,0.587852478,0.4182900488376617,0.48,0.42,prob_floor,"prob_floor,trailing_prob_drop",-0.0048000000000001,-0.0067528000000001,9.764,0.4182900488376617,0.819705725644913,0.819705725644913,9.7592,122.05,121.99,-0.0067528000000001,15.0,0.0022941417451864,-0.0027857435477263,-0.0007374027038099,0.0030337815677272,-0.0020498524106263
SOL/USDT,xgb_primary,conservative,1m,2025-12-25 13:32:00+00:00,2025-12-25 13:26:00+00:00,2025-12-25 13:32:00+00:00,sell,False,dry_run,dry_run,,,True,0.5002435446,0.5002435445785522,0.48,0.42,gate_close,gate_close,0.0008000000000004,-0.0011505599999995,9.7528,0.5002435445785522,4.0997048212526375,0.8201763379130708,9.7536,121.91,121.92,-0.0011505599999995,6.0,0.0036098121256871,-8.204118467469712e-05,0.0005742882927228,0.0030337815677272,-0.0011479173499507
SOL/USDT,xgb_primary,conservative,1m,2025-12-25 13:40:00+00:00,2025-12-25 13:34:00+00:00,2025-12-25 13:40:00+00:00,sell,False,dry_run,dry_run,,,True,0.6076040864,0.565682053565979,0.48,0.42,gate_close,gate_close,0.0048000000000001,0.0028483200000001,9.7584,0.565682053565979,3.277613897083436,0.8193699045426609,9.7632,121.98,122.04,0.0028483200000001,6.0,0.0033628608923883,-0.0008202099737533,0.0009842519685039,0.0023762700753851,-0.0018026876433957
SOL/USDT,xgb_primary,conservative,1m,2025-12-25 13:53:00+00:00,2025-12-25 13:48:00+00:00,2025-12-25 13:53:00+00:00,sell,False,dry_run,dry_run,,,True,0.6076040864,0.6076040863990784,0.48,0.42,gate_close,gate_close,0.0087999999999999,0.0068457599999999,9.7712,0.6076040863990784,5.725503026336757,0.8179624555237099,9.78,122.14,122.25,0.0068457599999999,5.0,0.0013096504870262,-0.00286486044037,0.0007366783989524,0.0005725503026337,-0.003598887616555
SOL/USDT,xgb_primary,conservative,1m,2025-12-25 14:01:00+00:00,2025-12-25 13:55:00+00:00,2025-12-25 14:01:00+00:00,sell,False,dry_run,dry_run,,,True,0.587852478,0.4182900488376617,0.48,0.42,prob_floor,"prob_floor,trailing_prob_drop",-0.0087999999999999,-0.0107550399999999,9.7752,0.4182900488376617,0.8191014457144706,0.8191014457144706,9.7664,122.19,122.08,-0.0107550399999999,6.0,0.0006545038043033,-0.0033543319970548,-0.0013090076086068,0.0019660850331777,-0.0020480052428933
SOL/USDT,xgb_primary,conservative,1m,2025-12-25 14:11:00+00:00,2025-12-25 14:06:00+00:00,2025-12-25 14:11:00+00:00,sell,False,dry_run,dry_run,,,True,0.5656820536,0.5002435445785522,0.48,0.42,gate_close,gate_close,0.0032000000000005,0.0012446400000005,9.7768,0.5002435445785522,4.089645018812135,0.8179624555237099,9.78,122.21,122.25,0.0012446400000005,5.0,0.0006545038043033,-0.0033543319970548,0.0002454389266137,0.0004089645018812,-0.003598887616555
SOL/USDT,xgb_primary,conservative,1m,2025-12-25 14:23:00+00:00,2025-12-25 14:14:00+00:00,2025-12-25 14:23:00+00:00,sell,False,dry_run,dry_run,,,True,0.5656820536,0.4182900488376617,0.48,0.42,prob_floor,"prob_floor,trailing_prob_drop",-0.0136000000000001,-0.0155545600000001,9.7728,0.4182900488376617,6.555764975825477,0.819705725644913,9.7592,122.16,121.99,-0.0155545600000001,9.0,0.0,-0.0031096563011457,-0.0013911620294598,0.0019667294927476,-0.0017208883061542
SOL/USDT,xgb_primary,conservative,1m,2025-12-25 14:46:00+00:00,2025-12-25 14:41:00+00:00,2025-12-25 14:46:00+00:00,sell,False,dry_run,dry_run,,,True,0.5002435446,0.4182900488376617,0.48,0.42,prob_floor,prob_floor,-0.0015999999999996,-0.0035519999999996,9.76,0.4182900488376617,0.819772922899611,0.819772922899611,9.7584,122.0,121.98,-0.0035519999999996,5.0,0.0128794093519277,0.0,0.0005742411812961,0.0168074116586045,-0.000409936869722
SOL/USDT,xgb_primary,conservative,1m,2025-12-25 15:01:00+00:00,2025-12-25 14:52:00+00:00,2025-12-25 15:01:00+00:00,sell,False,dry_run,dry_run,,,True,0.5656820536,0.5002435445785522,0.48,0.42,gate_close,gate_close,0.0016000000000008,-0.0003523199999991,9.7616,0.5002435445785522,8.195377806917598,0.8193699045426609,9.7632,122.02,122.04,-0.0003523199999991,9.0,0.0160576765525151,-0.0011469768966082,-0.0003277076847452,0.0163907556138338,-0.0008195377806916
SOL/USDT,xgb_primary,conservative,1m,2025-12-25 15:16:00+00:00,2025-12-25 15:05:00+00:00,2025-12-25 15:16:00+00:00,sell,False,dry_run,dry_run,,,True,0.5002435446,0.5002435445785522,0.48,0.42,gate_close,gate_close,0.0008000000000004,-0.0011523199999995,9.7616,0.5002435445785522,5.735824319894557,0.8194370467493027,9.7624,122.02,122.03,-0.0011523199999995,11.0,0.0164740595033192,-0.0007376444553724,0.0002458814851242,0.0162241887905603,-0.0001638806948541
SOL/USDT,xgb_primary,conservative,1m,2025-12-25 15:23:00+00:00,2025-12-25 15:18:00+00:00,2025-12-25 15:23:00+00:00,sell,False,dry_run,dry_run,,,True,0.5002435446,0.5002435445785522,0.48,0.42,gate_close,gate_close,0.0055999999999994,0.0036460799999994,9.7696,0.5002435445785522,7.3661810443598945,0.8183640901841415,9.7752,122.12,122.19,0.0036460799999994,5.0,0.017043592264831,-8.194034742714518e-05,0.0011471648639789,0.0168603699459812,0.0
SOL/USDT,xgb_primary,conservative,1m,2025-12-25 15:31:00+00:00,2025-12-25 15:25:00+00:00,2025-12-25 15:31:00+00:00,sell,True,dry_run,dry_run,,,True,0.5656820536,0.6699029207229614,0.48,0.42,take_profit,take_profit,0.0103999999999996,0.0084395199999996,9.8024,0.6699029207229614,2.4471816624521687,0.8152284677785119,9.8128,122.53,122.66,0.0084395199999996,6.0,0.0180836265444725,-8.182636445452918e-05,0.0031094018492758,0.0149278081409576,-0.000326290888327
SOL/USDT,xgb_primary,conservative,1m,2025-12-25 15:38:00+00:00,2025-12-25 15:33:00+00:00,2025-12-25 15:38:00+00:00,sell,True,dry_run,dry_run,,,True,0.6115108132,0.6115108132362366,0.48,0.42,take_profit,take_profit,0.0360000000000002,0.0340390400000002,9.8048,0.6115108132362366,5.70590153244157,0.8129089948372885,9.8408,122.56,123.01,0.0340390400000002,5.0,0.0146794976349697,-0.000570869352471,0.0004893165878323,0.0141832409520703,-0.0003260515161396
SOL/USDT,xgb_primary,conservative,1m,2025-12-25 15:47:00+00:00,2025-12-25 15:42:00+00:00,2025-12-25 15:47:00+00:00,sell,False,dry_run,dry_run,,,True,0.6699029207,0.6844155788421631,0.48,0.42,take_profit,"take_profit,gate_close",0.0239999999999997,0.0220238399999997,9.8808,0.6844155788421631,12.129053125252,0.8076565844195699,9.9048,123.51,123.81,0.0220238399999997,5.0,0.0094110011358103,0.0,0.0033263021255882,0.0060645265626262,-0.0017789277917037
SOL/USDT,xgb_primary,conservative,1m,2025-12-25 15:55:00+00:00,2025-12-25 15:50:00+00:00,2025-12-25 15:55:00+00:00,sell,False,dry_run,dry_run,,,True,0.6844155788,0.6076040863990784,0.48,0.42,gate_close,gate_close,-0.0184000000000003,-0.0203812800000003,9.9064,0.6076040863990784,16.185158209921735,0.8090287609728666,9.888,123.83,123.6,-0.0203812800000003,5.0,0.0052516764967278,-0.0025854407368505,-0.0016159004605316,0.0068786922392167,-0.0013757384478432
SOL/USDT,xgb_primary,conservative,1m,2025-12-25 16:16:00+00:00,2025-12-25 16:11:00+00:00,2025-12-25 16:16:00+00:00,sell,False,dry_run,dry_run,,,True,0.5656820536,0.565682053565979,0.48,0.42,take_profit,"take_profit,gate_close",0.0255999999999994,0.0236207999999994,9.896,0.565682053565979,8.068420203323731,0.8062890546264959,9.9216,123.7,124.02,0.0236207999999994,5.0,0.0059018514027002,-0.0038806694154741,0.0021020292667153,0.0037918515530455,-0.0061315046389673
SOL/USDT,xgb_primary,conservative,1m,2025-12-25 16:26:00+00:00,2025-12-25 16:21:00+00:00,2025-12-25 16:26:00+00:00,sell,True,dry_run,dry_run,,,True,0.6076040864,0.6699029207229614,0.48,0.42,take_profit,take_profit,0.0167999999999995,0.0148142399999995,9.9288,0.6699029207229614,1.6092693916958496,0.8043434546555494,9.9456,124.11,124.32,0.0148142399999995,5.0,0.0029826682789197,-0.0084643288996372,0.0018540910923015,0.0005632442870935,-0.0102993241068555
SOL/USDT,xgb_primary,conservative,1m,2025-12-25 16:33:00+00:00,2025-12-25 16:28:00+00:00,2025-12-25 16:33:00+00:00,sell,False,dry_run,dry_run,,,True,0.6076040864,0.565682053565979,0.48,0.42,gate_close,gate_close,0.0016000000000008,-0.0003873599999991,9.9368,0.565682053565979,7.2440437862193505,0.8049261480251866,9.9384,124.21,124.23,-0.0003873599999991,5.0,0.0002413127413127,-0.0118243243243243,-0.0006435006435006,0.0008853831294268,-0.0112685125563425
SOL/USDT,xgb_primary,conservative,1m,2025-12-25 16:40:00+00:00,2025-12-25 16:35:00+00:00,2025-12-25 16:40:00+00:00,sell,False,dry_run,dry_run,,,True,0.5656820536,0.4182900488376617,0.48,0.42,prob_floor,"prob_floor,trailing_prob_drop",0.0031999999999993,0.0012145599999993,9.9272,0.4182900488376617,0.8055745760667915,0.8055745760667915,9.9304,124.09,124.13,0.0012145599999993,5.0,0.0015302835051547,-0.010631443298969,-0.000402706185567,0.0019337684312303,-0.0102328579485939
SOL/USDT,xgb_primary,conservative,1m,2025-12-25 16:49:00+00:00,2025-12-25 16:44:00+00:00,2025-12-25 16:49:00+00:00,sell,False,dry_run,dry_run,,,True,0.5656820536,0.4182900488376617,0.48,0.42,stop_loss,"stop_loss,prob_floor,trailing_prob_drop",-0.0520000000000004,-0.0539889600000004,9.9448,0.4182900488376617,9.682885499878184,0.8086362349901036,9.8928,124.31,123.66,-0.0539889600000004,5.0,0.0006437595558059,-0.0115072020600305,-0.0027359781121749,0.0009682885499877,-0.0087952876623901
SOL/USDT,xgb_primary,conservative,1m,2025-12-25 17:15:00+00:00,2025-12-25 17:09:00+00:00,2025-12-25 17:15:00+00:00,sell,False,dry_run,dry_run,,,True,0.5656820536,0.4182900488376617,0.48,0.42,prob_floor,"prob_floor,trailing_prob_drop",-0.0312,-0.03317776,9.8888,0.4182900488376617,10.538261997406751,0.8115236356263028,9.8576,123.61,123.22,-0.03317776,6.0,0.0025095118594673,-0.0055856876872014,-0.0013761839229337,0.0038910505836575,-0.0042153047989623
SOL/USDT,xgb_primary,conservative,1m,2025-12-25 17:48:00+00:00,2025-12-25 17:43:00+00:00,2025-12-25 17:48:00+00:00,sell,True,dry_run,dry_run,,,True,0.5656820536,0.565682053565979,0.48,0.42,take_profit,take_profit,0.0160000000000002,0.0140328000000002,9.836,0.565682053565979,0.8119848970801757,0.8119848970801757,9.852,122.95,123.15,0.0140328000000002,5.0,0.0100048804294778,-0.0002440214738896,0.0002440214738896,0.0097584776774823,0.0
SOL/USDT,xgb_primary,conservative,1m,2025-12-25 17:59:00+00:00,2025-12-25 17:50:00+00:00,2025-12-25 17:59:00+00:00,sell,False,dry_run,dry_run,,,True,0.587852478,0.565682053565979,0.48,0.42,gate_close,gate_close,0.0024,0.00042896,9.8552,0.565682053565979,3.2491267971737674,0.8115236356263028,9.8576,123.19,123.22,0.00042896,9.0,0.0084463575083246,-0.0005685048322909,-0.0001624299520831,0.0086101860125091,-0.0002436845097879
